0,8.15807424E-05
0.0994429,-1.51073871E-05
0.1801626,-5.13654356E-05
0.2751618,-0.000126903037
0.3686029,-1.81288911E-05
0.5716746,0.000105752775
0.6719276,-9.06437897E-06
0.7813438,3.02163721E-06
0.8631343,-1.51073871E-05
0.9411588,8.15807424E-05
1.0348449,-0.000238698686
1.2275747,-3.62579154E-05
1.3279954,1.33166406E-10
1.4236202,-0.000151075069
1.5172576,6.34517181E-05
1.6111186,-3.92794194E-05
1.7150711,0.000157118343
1.9084271,-0.000108774012
2.0022856,0.000138989319
2.0804827,4.53226938E-05
2.189803,-7.25159639E-05
2.2832196,3.02151736E-05
2.3773018,-5.74084437E-05
2.4727675,-2.41718992E-05
2.6758836,-1.51073871E-05
2.7695514,-7.25159639E-05
2.8786554,0.000120860295
2.9824987,9.97097666E-05
3.0782421,0.000163161352
3.1719208,-0.000271935231
3.3594005,-4.83439315E-05
3.474189,0.0001994194
3.5848385,9.0646453E-06
3.6790446,0.000123881799
3.756994,1.33166406E-10
3.8506382,-3.92794194E-05
4.0360634,0.130677029
4.1454864,0.133269479
4.2412147,0.149259278
4.3348806,0.178153922
4.4443135,0.36528171
4.5379916,0.262378347
4.7350737,0.226658126
4.8443866,0.227253362
4.9540066,0.228102405
5.0487389,0.226694384
5.1583849,0.225645922
5.2519791,0.225162482
5.4568497,0.225688223
5.5525816,0.224845224
5.6463202,0.228038953
5.7210544,0.259275262
5.8158787,0.269388236
5.8943489,0.260208907
5.9907325,0.260030638
6.2066936,0.261024713
6.3182601,0.293064742
6.4120495,0.30549521
6.4901073,0.299131922
6.5901944,0.29973018
6.6841115,0.335661906
6.8918924,0.27415617
7.0012839,0.273938621
7.0829426,0.273569998
7.1925026,0.274452277
7.2881463,0.274014159
7.381795,0.28028378
7.5645288,0.294140397
7.675289,0.284244972
7.7649526,0.289167002
7.8589597,0.297385493
7.9526553,0.295959343
8.0620632,0.288009766
8.155755,0.279715737
8.3588563,0.282356532
8.4541323,0.358459154
8.5325098,0.26519741
8.6263266,0.264532679
8.704395,0.264164056
8.7980603,0.286538293
8.9894057,0.281232532
9.0833809,0.290094603
9.1928335,0.295185838
9.3020672,0.29111285
9.3955566,0.312039787
9.4940748,0.310009337
9.6838183,0.303760866
9.793149,0.30848952
9.9021429,0.30838981
9.9925149,0.307740187
10.0861873,0.295980493
10.1645464,0.292581301
10.2606831,0.290085539
10.4769963,0.29018827
10.5879949,0.286139455
10.6819245,0.286263336
10.7754456,0.29217642
10.8610099,0.292439291
10.9706996,0.285876584
11.2025197,0.304664296
11.3120723,0.291747366
11.4077163,0.309942863
11.5014115,0.309767616
11.6077454,0.288753056
11.6868452,0.312021658
11.9034978,0.291913549
11.9991013,0.31162282
12.1085222,0.307474295
12.2022133,0.285154444
12.2802468,0.31152311
12.3740737,0.318303365
12.5923063,0.312592723
12.6859965,0.343375806
12.7952714,0.297527503
12.8891002,0.318901623
12.9950881,0.3603204
13.0891621,0.2985246
13.3097236,0.320412375
13.4034035,0.310329616
13.4968539,0.315206324
13.5855337,0.327355791
13.6794989,0.339381377
13.7905178,0.359392799
14.0092226,0.308459305
14.1185267,0.317804817
14.2269398,0.322466998
14.3259623,0.327941963
14.4214818,0.31351126
14.5152558,0.317257925
14.7463319,0.317082678
14.8404167,0.317291161
14.9358607,0.297636278
15.0295191,0.316662688
15.1233384,0.31546013
15.2170111,0.297192116
15.4503366,0.31542085
15.5439584,0.297775267
15.653417,0.316010044
15.7596626,0.312777034
15.8531984,0.301289276
16.0581098,0.334782648
16.1677816,0.299192352
16.2614421,0.35248564
16.3552705,0.321892912
16.4619243,0.31202468
16.5560035,0.346279471
16.6670849,0.305078242
16.8545712,0.378815027
16.9636896,0.371753772
17.0536986,0.343073655
17.1476991,0.36293098
17.2274469,0.36311227
17.3212844,0.33908527
17.5531692,0.360915637
17.6625298,0.348723868
17.7581214,0.385489529
17.8678065,0.380606779
17.9770946,0.368381773
18.0865284,0.392889193
18.2703008,0.313949378
18.3813948,0.344088881
18.4712305,0.324817728
18.5820894,0.308655703
18.6757149,0.32980321
18.7791937,0.313055013
18.9844991,0.326431211
19.0864707,0.26736685
19.1957471,0.325376706
19.2735801,0.307051284
19.3747386,0.297745052
19.4843792,0.303715544
19.7058615,0.228649297
19.7899761,0.243466753
19.8859385,0.245593892
19.9779403,0.229607114
20.0719896,0.290581066
20.167292,0.334679917
20.3860107,0.384552863
20.482087,0.334873293
20.5644616,0.380349951
20.6599098,0.349104577
20.7445587,0.373454878
20.843911,0.36624557
21.0615322,0.35453422
21.1553488,0.403098855
21.2511245,0.358199305
21.3604052,0.389145549
21.4851396,0.382026885
21.5635203,0.35013491
21.7793982,0.351727243
21.8743163,0.359912497
21.9681517,0.348243449
22.0778401,0.346439611
22.1629729,0.337831346
22.2569244,0.341729086
22.4600714,0.327682114
22.5813131,0.320811214
22.6749714,0.450578769
22.7751163,0.382546584
22.8692855,0.434132723
22.9784622,0.414535247
23.1989109,0.377751457
23.2925798,0.358002907
23.3826698,0.377959941
23.4922819,0.35248564
23.6188415,0.374331115
23.7125153,0.364209076
23.942117,0.332220413
24.0517325,0.364070087
24.1472147,0.330060037
24.256471,0.20388505
24.3503101,0.310831186
24.5657577,0.214943755
24.6768974,0.313462916
24.7863323,0.200966277
24.8956408,0.195772312
24.9892737,0.272621246
25.0808484,0.203806491
25.2686255,0.205930608
25.379333,0.203776276
25.4727633,0.279401501
25.5824437,0.209568499
25.6573701,0.268844365
25.7514351,0.193373237
25.8451001,0.21109738
26.0497516,0.191016464
26.1588046,0.24129127
26.2503077,0.205217533
26.3444736,0.192164636
26.4394935,0.265496539
26.5333305,0.191182647
26.7791485,0.262680497
26.8557022,0.189995196
26.9494688,0.271297827
27.0296189,0.190672013
27.1232778,0.248926611
27.2167611,0.218061947
27.444142,0.192738722
27.5378687,0.241750539
27.6334929,0.20352247
27.7270359,0.279205103
27.8363437,0.203815555
27.9659412,0.281903306
28.1619492,0.294382118
28.2571144,0.282160134
28.3821584,0.288006744
28.4758984,0.189644701
28.5693415,0.192137442
28.6619438,0.212360369
28.8827603,0.194741979
28.9920784,0.223703095
29.0700706,0.20886751
29.1591285,0.248863159
29.2528765,0.203715846
29.3622508,0.269575569
29.5827702,0.211230326
29.6762659,0.243303592
29.7855813,0.216403141
29.8929389,0.20326262
29.9866651,0.234254187
30.0979145,0.205356522
30.3163138,0.197307236
30.4104221,0.227706588
30.5197604,0.189433196
30.6137828,0.254129641
30.7142381,0.222452192
30.9598517,0.218687398
31.0499136,0.190563239
31.1592714,0.194675506
31.2861418,0.211502262
31.3799974,0.227413502
31.4736842,0.189626572
31.7053362,0.270947332
31.8147524,0.203211255
31.9260372,0.226830352
32.035065,0.250092911
32.5681433,0.214357583
32.7397914,0.304247328
32.908927,0.306462091
33.0513851,0.293454516
33.2078819,0.301295319
33.3482021,0.289937485
33.5045954,0.240910561
33.6627353,0.223935751
33.834226,0.0682376475
33.9877151,0.0685609484
34.1456823,0.068295056
34.2994802,0.0679868626
34.4827989,0.0683131851
34.6542415,0.0677390993
34.8543312,0.0679777981
35.0125742,0.0760482354
35.1730496,0.125096311
35.3489693,0.0727034304
35.5052182,0.0681560669
35.657848,0.0683766367
35.8300434,0.0682739055
35.9724302,0.0686697225
36.1443052,0.0681500239
36.3106841,0.0907478526
36.4683735,0.172410042
36.6246527,0.0917177554
36.7645692,0.0928629054
36.9210974,0.0853242528
37.0947346,0.0701079585
37.2508235,0.0684461312
37.4052147,0.0681893034
37.5930213,0.0976278173
37.735334,0.0704493884
37.875987,0.0682376475
38.0289072,0.0706397432
38.1914809,0.0717153986
38.363359,0.0699599048
38.5230868,0.0700082488
38.6796526,0.0682316045
38.8371118,0.0685820989
38.976633,0.0705400335
39.1313966,0.0677904649
39.2897498,0.0681862819
39.4303095,0.0684280022
39.6160526,0.0682618195
39.7895899,0.0690625181
39.945989,0.068276927
40.1040041,0.068666701
40.2900813,0.0681893034
40.4327458,0.068636486
40.5734177,0.0688510128
40.7114939,0.0683373571
40.8679376,0.0684823893
41.0104777,0.0698148726
41.1665796,0.070165367
41.3335711,0.0682195184
41.4918997,0.0684340452
41.6519095,0.0682255615
41.810063,0.0680533357
41.9479337,0.0690504321
42.1058869,0.0685246904
42.2612464,0.0681621099
42.4343052,0.0687241096
42.5861194,0.0697483995
42.726668,0.107864673
42.8828367,0.0686032495
43.0348343,0.0688328838
43.1913647,0.0684491528
43.3491169,0.0703647863
43.5208289,0.0683615291
44.1415064,0.0691924427
44.2352431,0.068240669
44.5007432,0.0684974968
44.5944011,0.0681711744
44.7003668,0.0681318948
44.8097241,0.0687452601
44.9208741,0.0685972064
45.1553173,0.0694522921
45.264582,0.105516964
45.356027,0.0707122593
45.4512129,0.0682497335
45.5540646,0.0687845397
45.6605395,0.0682195184
45.924769,0.0681439808
46.0344027,0.0704101089
46.1298171,0.0685246904
46.2236493,0.0684793678
46.332929,0.0684008087
46.5639951,0.0972803443
46.6908847,0.068252755
46.8001927,0.0703406143
46.8936265,0.0683373571
46.9876702,0.0699387542
47.2193702,0.0684189377
47.3147589,0.0705400335
47.4241825,0.0685911634
47.5334868,0.0691440987
47.6513032,0.0684249807
47.7452088,0.0696607759
47.9968528,0.0683585076
48.0906697,0.0706065066
48.1883627,0.0691440987
48.2977439,0.0682134754
48.4293004,0.0683887227
48.6408985,0.0683313141
48.7310374,0.0683675721
48.8407128,0.068630443
48.9515263,0.0701502595
49.0611014,0.0696426468
49.2018026,0.276204749
49.4325441,0.233269177
49.5279457,0.22212587
49.6217873,0.224866374
49.7154506,0.227470911
49.8277026,0.228543545
50.0608435,0.0850281454
50.1714167,0.227132502
50.2963345,0.23888011
50.3901442,0.232607467
50.4825942,0.231299156
50.6078911,0.23747511
50.8563178,0.227461846
50.983009,0.228987706
51.0830666,0.23082478
51.1770492,0.0759757193
51.3037763,0.0686938946
51.5226783,0.0800396423
51.6319747,0.068666701
51.7460409,0.138019283
51.8444999,0.0726490434
51.9395876,0.0715794309
52.1583038,0.229915307
52.2806583,0.235737746
52.3915251,0.22234644
52.5009763,0.227767018
52.6122984,0.23299422
52.7075614,0.220445914
52.9413233,0.234538209
53.0523516,0.227256384
53.192604,0.187680724
53.3023054,0.0684823893
53.4027812,0.068618357
53.6233252,0.123253193
53.7330004,0.0683464216
53.8420647,0.0821577166
53.9500074,0.157834307
54.05947,0.0699961628
54.2893335,0.142479023
54.3992267,0.0903973581
54.5066249,0.0982895267
54.631609,0.069032303
54.7425359,0.0685156258
54.8519592,0.0686334645
55.0846447,0.0698843672
55.1940044,0.0692679803
55.32094,0.0685156258
55.4145974,0.0685579269
55.5238663,0.123754763
55.7463001,0.0703375928
55.8556433,0.0685397979
55.9514271,0.0684974968
56.0606936,0.0690474106
56.1701474,0.0683736151
56.3891611,0.0685518839
56.5318671,0.0687784967
56.6367386,0.0683796582
56.7478532,0.068612314
56.8727031,0.068672744
56.9687178,0.0705732701
57.2033509,0.0686878516
57.2970175,0.0683887227
57.4062702,0.0684884323
57.5096908,0.0684431097
57.6265825,0.0687059806
57.8472598,0.0683977872
57.9565198,0.0693284104
58.0768435,0.115270379
58.1784653,0.0726097638
58.2676325,0.0683343356
58.3632571,0.0698994747
58.5979023,0.0684431097
58.6915694,0.0684128947
58.7881517,0.0710597322
58.8818761,0.0685790774
58.9992692,0.068246712
59.2180006,0.068672744
59.312247,0.0686636795
59.4218069,0.0686153355
59.5331351,0.069397905
59.6424302,0.0684914538
59.7518397,0.0695308512
59.9746362,0.0686908731
60.0852888,0.0683010991
60.1949166,0.0682557765
60.3039822,0.068264841
60.4136586,0.0685820989
60.5070537,0.0685730344
60.7366987,0.0682497335
60.84973,0.0687059806
60.9509866,0.0695791953
61.0745132,0.069379776
61.1686031,0.0680382282
61.4195139,0.0683947657
61.5135196,0.06828297
61.6200806,0.0687664107
61.7297001,0.0699024962
61.838966,0.0684249807
62.0687012,0.0693042384
62.1971555,0.0683947657
62.2913343,0.068600228
62.4002069,0.0686032495
62.5098456,0.0685549054
62.6348789,0.0683977872
62.8376117,0.0685277119
62.9469861,0.0691320127
63.0565666,0.0700596144
63.1660042,0.0718997104
63.2752883,0.0687996472
63.481517,0.0685609484
63.5824425,0.0687845397
63.6920931,0.0686908731
63.8171389,0.0696637974
63.9104968,0.0684219592
64.0159019,0.0686999376
64.2400888,0.068270884
64.3495063,0.0697937221
64.4587828,0.0813056525
64.5678997,0.0759334183
64.6772035,0.0683796582
64.8920431,0.0687603677
65.0179122,0.0699327112
65.1119537,0.0687120236
65.2156012,0.0684098732
65.3252674,0.0692740234
65.4363767,0.0683554861
65.6703532,0.0685337549
65.7735699,0.0983106772
65.8832698,0.0682044109
65.9944869,0.0688419483
66.1193845,0.17218343
66.3205712,0.0692256793
66.430266,0.0685820989
66.5565967,0.0687150451
66.6502161,0.0682920345
66.7596953,0.0704916895
66.8829869,0.0686969161
67.0974393,0.0688207977
67.2068192,0.0688026687
67.3211685,0.0686455505
67.4246934,0.068618357
67.5342268,0.0686818086
67.7548457,0.0694492706
67.8642582,0.068642529
67.9732983,0.0688177762
68.0778132,0.071268216
68.1886194,0.0692468298
68.4267025,0.0685277119
68.5201275,0.0686697225
68.6136712,0.0683615291
68.7281248,0.0688117332
68.8396375,0.0704221949
68.9490406,0.0689235289
69.1937824,0.0577348994
69.2875125,0.0573360609
69.3838439,0.0572393727
69.483575,0.0573753404
69.5983603,0.104154266
69.7093081,0.0574055555
69.928025,0.0571698782
70.0563337,0.0580219423
70.1500597,0.0579373402
70.2751156,0.057426706
70.3864559,0.0573572114
70.6305285,0.0571970717
70.7320011,0.0571608136
70.8260383,0.0583754583
70.9196766,0.0669958093
71.0464121,0.0580158993
71.2651198,0.0572152007
71.374097,0.0574176415
71.4923123,0.0571759212
71.6016689,0.057786265
71.7073502,0.0572605233
71.8496225,0.0571577921
72.0477266,0.0583422217
72.1730254,0.0747520102
72.2664334,0.0575445447
72.3761147,0.0578980606
72.4854011,0.0572816738
72.6976569,0.0571336201
72.7929512,0.0573481469
72.902264,0.057438792
73.0129845,0.0582274046
73.1172565,0.0572393727
73.226843,0.0571910287
73.4625748,0.0819099533
73.5562405,0.0639078322
73.6639282,0.0573451254
73.7890038,0.0572333297
73.8846306,0.0572212437
74.0878057,0.0575536092
74.196784,0.0574992221
74.3057547,0.057402534
74.3996749,0.0571819642
74.5106531,0.0575082866
74.6295849,0.0574750501
74.8577335,0.0572605233
74.9673149,0.0582938777
75.0780557,0.0581548885
75.1717458,0.0575203726
75.2835456,0.0573088673
75.5063121,0.0575082866
75.6052412,0.0572272867
75.7113928,0.0575838242
75.8225587,0.0586957377
75.9286795,0.0575324586
76.0224565,0.0715764094
76.2589332,0.0573239749
76.3682235,0.060430081
76.4620352,0.0575052651
76.585492,0.0579222327
76.6948397,0.0571819642
76.7907351,0.0575385016
77.0094284,0.059692834
77.1279762,0.0579101466
77.2213309,0.0575052651
77.3153176,0.0576502973
77.4228005,0.0573360609
77.6429115,0.0575415232
77.7667343,0.0579856842
77.8761344,0.0572454158
77.9872991,0.0648626275
78.0965036,0.0627505961
78.2059613,0.0574236845
78.4220986,0.0573662759
78.5316552,0.0577016629
78.6581843,0.0573541899
78.7362401,0.060771511
78.8454835,0.0582032325
79.080465,0.108885941
79.1909014,0.0696426468
79.3005692,0.0684461312
79.4099691,0.0684823893
79.519279,0.0686032495
79.609783,0.0707757109
79.8475418,0.102598191
79.9427888,0.069397905
80.0521124,0.0693525825
80.1613301,0.0692256793
80.2864592,0.0684400882
80.4915995,0.0688600773
80.6008627,0.0685307334
80.7099236,0.0685337549
80.8036513,0.069032303
80.9093219,0.0686787871
81.0248175,0.0708331194
81.2407228,0.0687271311
81.3513302,0.0684823893
81.4734253,0.0683343356
81.5673828,0.0691108621
81.6468726,0.0685065613
81.7475765,0.0688056902
81.9839163,0.0683101636
82.0920155,0.0647266598
82.203208,0.0573541899
82.3126083,0.0574931791
82.4066343,0.0931318193
82.609516,0.0573662759
82.7347995,0.0572212437
82.8455738,0.0582727271
82.9461279,0.0577590714
83.0408751,0.0583452432
83.1686325,0.0580884154
83.3968073,0.0573360609
83.5218181,0.0572393727
83.6160188,0.0573813834
83.709299,0.060076565
83.8002152,0.0573723189
83.8939018,0.0574901576
84.1303139,0.0578708671
84.2397113,0.0575838242
84.3487158,0.0573088673
84.470567,0.0572575018
84.5817673,0.0628684348
84.8006599,0.0574962006
84.8959407,0.0575928887
85.0038026,0.0600131135
85.1128582,0.0573269964
85.2454004,0.0577439639
85.4580418,0.0573813834
85.580644,0.0573028243
85.6743679,0.0573602329
85.7837581,0.0571336201
85.8930657,0.0571154911
86.0026707,0.05741462
86.210914,0.0632974884
86.3202662,0.0588588989
86.4317244,0.0575717382
86.515728,0.0573692974
86.6094265,0.0575868457
86.7031274,0.0573874264
86.9231379,0.0572242652
87.0324593,0.0576714478
87.1418103,0.0575777812
87.2554118,0.057426706
87.3564649,0.0580884154
87.5724915,0.0588528559
87.6830212,0.0571577921
87.7879878,0.0573330394
87.8965514,0.0575898672
87.9902754,0.0575475662
88.1014226,0.0591731353
88.3207694,0.057462964
88.435519,0.0573783619
88.5521296,0.0567317601
88.6628535,0.0575656952
88.7565491,0.0589525655
88.8502769,0.0588558774
89.0805028,0.0581095659
89.189852,0.0575777812
89.2992294,0.0572726093
89.4239826,0.0571547706
89.534551,0.0572846953
89.76484,0.0583815013
89.8597537,0.0589042215
89.9534764,0.057798351
90.0628257,0.0648988855
90.1670251,0.0607503604
90.2919934,0.0571366416
90.5119077,0.0573330394
90.6212607,0.0574055555
90.7235101,0.0574962006
90.836341,0.0575838242
90.945697,0.057792308
91.1951391,0.0620435642
91.306182,0.0574780716
91.3827552,0.0573300179
91.4920998,0.0572635448
91.6096947,0.0573390824
91.8365876,0.0579645337
91.9458935,0.0576986414
92.0552424,0.0611763925
92.1645915,0.0699447973
92.2739417,0.0682195184
92.3736382,0.0694009265
92.592369,0.0686515935
92.6861075,0.0682980775
92.8066061,0.0685277119
92.9207207,0.0686969161
93.0300357,0.0687724537
93.251298,0.0688540343
93.3450309,0.0687210881
93.4543708,0.0686818086
93.5637347,0.0682678625
93.6886574,0.0684733248
93.7824256,0.0699689693
93.9975706,0.0687603677
94.1270552,0.0686576365
94.2364039,0.0685005183
94.3457896,0.0688389268
94.4551026,0.0684914538
94.6738461,0.0685337549
94.7987725,0.0684280022
94.9081664,0.0686213785
95.0018966,0.0705611841
95.0956239,0.0596958555
95.2049733,0.0766767083
95.4549151,0.0571849857
95.5642191,0.0579554692
95.6579465,0.0574418135
95.7517102,0.0568979428
95.8610291,0.0584298453
96.0960125,0.0575203726
96.1960672,0.0571728997
96.3210422,0.0573753404
96.4147686,0.0572121792
96.5085385,0.0624756393
96.602232,0.057462964
96.8053026,0.0576170608
96.9146506,0.0575415232
97.0239996,0.058943501
97.1177311,0.0572272867
97.2270751,0.0574538995
97.339455,0.0577832435
97.5631292,0.061155242
97.6724881,0.0572907383
97.7818585,0.0761690956
97.8755552,0.0584117163
97.9849039,0.0584086948
98.1879804,0.057396491
98.3129515,0.0569160718
98.4223429,0.0577228134
98.5316476,0.0576654048
98.6409976,0.0571759212
98.7503521,0.0576865553
98.9846665,0.0589918451
99.0783966,0.0583875443
99.1877436,0.059638447
99.2961139,0.0573632544
99.4054582,0.0575959102
99.6097405,0.0601732532
99.7347093,0.0572152007
99.8346456,0.0571215341
99.9322434,0.0571819642
100.0259711,0.0587561678
100.1509417,0.0593121245
100.3698648,0.0586020711
100.5063661,0.0573300179
100.6000963,0.0573421039
100.6941672,0.0571426846
100.8053594,0.0576321683
101.0393906,0.058913286
101.1627737,0.0571275771
101.2894515,0.0572846953
101.3832084,0.0571245556
101.4928499,0.0573572114
101.6379123,0.0823238993
101.8475251,0.058523512
101.9586274,0.0583663938
102.0676469,0.0574659855
102.1773247,0.0584812109
102.2997051,0.0576079962
102.5339715,0.0581246734
102.6451867,0.0573330394
102.7519504,0.0643489718
102.847815,0.068276927
102.9684893,0.0586625012
103.1892956,0.0576714478
103.2986458,0.05741462
103.3936174,0.0573451254
103.5032941,0.0571457061
103.6126054,0.0572423943
103.7375753,0.0582636626
103.9418243,0.0579705767
104.0452438,0.0576261253
104.1542261,0.0901707453
104.263576,0.0572937598
104.3573391,0.0582938777
104.5641751,0.0629862734
104.6937097,0.0571940502
104.787437,0.058206254
104.8967856,0.0588317054
105.0073707,0.0608863281
105.1131776,0.0572514588
105.3617412,0.0595085223
105.4554445,0.0862397686
105.5492077,0.062647865
105.6442018,0.0574599425
105.7457984,0.0567982332
105.8551497,0.057810437
106.0738433,0.05741462
106.1850398,0.0573028243
106.2999374,0.0571668566
106.395317,0.0587833613
106.5018482,0.0572967813
106.7066346,0.0727638605
106.8158227,0.0897507563
106.9252927,0.0580823724
107.0406149,0.0578436736
107.157308,0.0578950391
107.2527891,0.0573239749
107.5030491,0.0576351898
107.5966773,0.0573783619
107.7348726,0.0576382113
107.8289256,0.0570943406
107.9244447,0.0572152007
108.1275742,0.0653732616
108.234172,0.0573209534
108.3438404,0.0570822545
108.4545623,0.0573511684
108.5755967,0.0580370498
108.8080018,0.0574690071
108.9173453,0.0574931791
109.0440961,0.0588498344
109.1381327,0.0571638351
109.2424355,0.0574115985
109.3674424,0.0574962006
109.6017227,0.0612519301
109.7166254,0.0573723189
109.8103954,0.0575113081
109.9012032,0.0582455336
109.9937293,0.0572726093
110.1030944,0.0572605233
110.3230082,0.0573451254
110.4219598,0.0575173511
110.5379661,0.0755799023
110.6305101,0.0571608136
110.7398587,0.0572635448
110.9741776,0.0576956199
111.0712763,0.0589948666
111.1806253,0.057420663
111.2875089,0.0575203726
111.3968993,0.0572152007
111.5074402,0.057049018
111.7544142,0.0582485551
111.8444655,0.0854904356
111.9538423,0.0584117163
112.0643381,0.0579373402
112.173689,0.0577832435
112.4016929,0.0572031147
112.5110868,0.0574780716
112.6228455,0.0572846953
112.7178122,0.0572182222
112.8115764,0.0576684263
112.9209201,0.0574115985
113.1356144,0.0833904902
113.2293392,0.0572423943
113.324292,0.0573995125
113.4336098,0.0572544803
113.5552343,0.0579977703
113.7907779,0.0576533188
113.9001273,0.058182082
114.0052504,0.0575233941
114.1146094,0.0570822545
114.2396027,0.0573360609
114.348391,0.0574357705
114.5670587,0.0586473936
114.6764117,0.0573300179
114.7701784,0.0580310068
114.8808778,0.0578829531
114.9966095,0.0595719739
115.2166958,0.0575294371
115.3104266,0.0573753404
115.419772,0.0573874264
115.530733,0.0573874264
115.6248289,0.0573783619
115.7404733,0.0574659855
115.9523949,0.0579766197
116.0616548,0.0575143296
116.1773709,0.058169996
116.2948346,0.0573300179
116.3895952,0.058206254
116.609855,0.0573692974
116.7315011,0.0586896947
116.8421007,0.0573269964
116.947902,0.0873849186
117.0572023,0.0591157268
117.1512388,0.0585567485
117.3871003,0.0582999207
117.496709,0.0575022436
117.6063949,0.0576563403
117.701881,0.0576714478
117.8267554,0.0572665663
118.0415305,0.0582545981
118.1508986,0.0591429203
118.2778501,0.0634123055
118.3716648,0.0587561678
118.5121882,0.0572726093
118.6059857,0.0572756308
118.8404867,0.0573149103
118.9497783,0.0579977703
119.0588089,0.0579584907
119.1560878,0.0575233941
119.2966757,0.05741462
119.5384721,0.076513547
119.6496842,0.0603605864
119.7589151,0.0580430928
119.8680872,0.0579041036
119.9776713,0.0587380388
120.1964053,0.0573662759
120.3214397,0.057420663
120.4148394,0.0573783619
120.5241476,0.0575898672
120.6494523,0.0571577921
120.7430959,0.0587259527
120.9438422,0.0587259527
121.0529636,0.0637597785
121.1560261,0.0695006362
121.2670431,0.0684551958
121.3762983,0.067869024
121.5950464,0.0689023784
121.6884759,0.068600228
121.7822027,0.0709660656
121.8917825,0.0741416664
122.0168705,0.0695701308
122.1220343,0.071603603
122.3578415,0.0695217867
122.467261,0.0684884323
122.5762828,0.0694764641
122.7015961,0.0684098732
122.8229478,0.0687633892
123.0588333,0.0701381735
123.1601898,0.0710144097
123.2707988,0.0687271311
123.3801074,0.095893474
123.4748525,0.0685851204
123.7114028,0.0685065613
123.8051187,0.0685972064
123.9144058,0.0701260875
124.0271816,0.0697483995
124.1365874,0.0684823893
124.2315131,0.0685972064
124.4349583,0.0684672818
124.5631753,0.0691622277
124.6735854,0.100622128
124.7685122,0.0718423018
124.8755367,0.0685639699
125.0022712,0.0716761191
125.2019861,0.0683252711
125.3126234,0.0687422386
125.4379131,0.0685669914
125.5316136,0.0686153355
125.6565161,0.0687875612
125.8437232,0.0684884323
125.9534379,0.0705581626
126.0627336,0.0723499145
126.1875142,0.0696184748
126.2783207,0.0684431097
126.3573698,0.0686576365
126.5763906,0.0687543247
126.685778,0.0684128947
126.7950785,0.0683554861
126.9041175,0.0695338727
127.0134649,0.070848227
127.1351027,0.0696426468
127.3402368,0.0720658931
127.465343,0.0684582173
127.5590027,0.0698753027
127.6639909,0.0684582173
127.7749865,0.0688872708
127.9935698,0.0718120868
128.0870198,0.0696698404
128.1967005,0.0685669914
128.2901397,0.0683977872
128.3991802,0.0684612388
128.5100445,0.0932405934
128.7443507,0.0686213785
128.8533989,0.0686092925
128.9779113,0.0696335823
129.1040792,0.068654615
129.1981595,0.0685941849
129.4324997,0.0683434001
129.5413463,0.0692045288
129.6666805,0.0688540343
129.7778379,0.0926634862
129.8870589,0.0694825071
130.1055023,0.0684612388
130.2148954,0.0683464216
130.3242297,0.0685881419
130.4341156,0.0686999376
130.5606798,0.0681832604
130.6699161,0.0684763463
130.8883974,0.070104937
130.9977372,0.0725281832
131.1070924,0.0894637134
131.2167911,0.113738477
131.3260978,0.113605531
131.5601426,0.17793033
131.6650613,0.209822305
131.7591077,0.207468554
131.869704,0.205912479
131.9948109,0.206695049
132.2254715,0.191974281
132.3213426,0.212438928
132.4304777,0.192267367
132.5400993,0.193261442
132.6493971,0.192125356
132.7585387,0.19149084
133.035272,0.193741861
133.1293401,0.206105856
133.2404034,0.192521173
133.3650899,0.192645055
133.4749418,0.192321754
133.7246644,0.20641707
133.8337315,0.205305157
133.9587134,0.192832388
134.0524278,0.207118059
134.1617931,0.178507438
134.3933138,0.177906158
134.5044495,0.177694653
134.6133598,0.182272232
134.7238955,0.201700503
134.8332474,0.191031572
135.0367094,0.192424485
135.1464383,0.191938023
135.2714162,0.19074755
135.3655257,0.191536163
135.4761765,0.191185669
135.6010502,0.177764148
135.8303494,0.177676524
135.9419191,0.178008889
136.0355589,0.178440964
136.1450191,0.199117117
136.2542707,0.191224948
136.4887047,0.191805077
136.5980427,0.190959056
136.7073451,0.17778832
136.816568,0.191240056
136.9401499,0.179422953
137.0511865,0.179450147
137.2834897,0.191916873
137.393186,0.19112826
137.5028225,0.191717453
137.627803,0.191986367
137.7389074,0.177141718
137.9826519,0.178434921
138.0765068,0.177927309
138.1699038,0.19992688
138.2636395,0.219998731
138.3576829,0.233163424
138.4669381,0.210115391
138.6988735,0.481494799
138.8080989,0.406075036
138.9332826,0.396750675
139.0267981,0.437519829
139.1520021,0.399563695
139.3548499,0.40359136
139.4459965,0.351860189
139.5400443,0.349497373
139.6350729,0.357407671
139.7445026,0.34991434
139.866694,0.353984306
140.1010367,0.1789939
140.2118685,0.305492188
140.3055261,0.19369956
140.3991861,0.266593345
140.5077512,0.360012207
140.7287259,0.191572421
140.8223959,0.274645653
140.9470679,0.183952188
141.0723671,0.179703953
141.1614725,0.250923825
141.2551545,0.17905433
141.4913959,0.23389765
141.585374,0.19255441
141.6791707,0.223808848
141.7744015,0.206069597
141.8680967,0.178966706
141.9950612,0.224981191
142.2426646,0.207900629
142.3533721,0.193119431
142.4471528,0.282568037
142.5429756,0.195152903
142.6627944,0.192823324
142.8830418,0.179232599
143.0044191,0.181652823
143.122591,0.200839374
143.218169,0.229906243
143.2960052,0.202715728
143.405681,0.237460003
143.6550837,0.192862603
143.7614913,0.255238533
143.8551691,0.213103659
143.9760955,0.36208798
144.0786908,0.364707624
144.2886714,0.369315418
144.3993117,0.334649702
144.5087509,0.210420563
144.6079486,0.268980333
144.7203494,0.222908439
144.8623645,0.230208393
145.0969334,0.237345186
145.1907609,0.203857856
145.2974557,0.20352247
145.406797,0.21033294
145.5320178,0.189916637
145.7999643,0.203800448
145.9188869,0.204087491
146.016815,0.203277728
146.1180496,0.204389641
146.1962065,0.203531534
146.4152358,0.265263883
146.5241945,0.24456658
146.6351888,0.257229704
146.7246462,0.259997402
146.8357739,0.208287381
146.9449952,0.215197561
147.1640983,0.191551271
147.2734872,0.190321518
147.3984443,0.190010303
147.4924511,0.229576899
147.6017127,0.190034475
147.8264996,0.343406021
147.9374717,0.388656065
148.0898399,0.211088316
148.1853151,0.21125752
148.2789707,0.22389345
148.5165096,0.257631564
148.627053,0.190394034
148.7367077,0.206429156
148.8614168,0.232426177
148.9664587,0.22795133
149.0761769,0.199763719
149.3059385,0.18042005
149.4120529,0.057444835
149.5367874,0.0582787701
149.6305159,0.0631433916
149.7418172,0.0577016629
149.9448423,0.0587319957
150.05428,0.0585930066
150.1477185,0.0593242105
150.2505478,0.0787464385
150.35958,0.0595870814
150.4848689,0.0577137489
150.7211704,0.0572484373
150.8306218,0.0575294371
150.9246012,0.0573088673
151.0339154,0.0578406521
151.1431425,0.0575354801
151.3654525,0.0589646516
151.4918219,0.057085276
151.6015037,0.0576533188
151.6951575,0.0577046844
151.8045964,0.057438792
151.9303858,0.0592184579
152.149094,0.0593967266
152.2618444,0.0574810931
152.3727085,0.0581216519
152.4817605,0.0575294371
152.5910566,0.0572363512
152.8057082,0.0778460303
152.9150961,0.0581669745
153.0391388,0.0595387373
153.1328749,0.0574690071
153.226602,0.0573632544
153.3359498,0.0580128778
153.567411,0.0574297275
153.6809293,0.0575264156
153.8059887,0.0575022436
153.8993634,0.0573662759
153.9930704,0.0588286839
154.1965194,0.0574599425
154.3058552,0.0586504151
154.4148818,0.0574962006
154.5159062,0.0573904479
154.6268778,0.0612942312
154.7463218,0.0583361787
154.9872134,0.0588588989
155.0962292,0.0588165979
155.1899496,0.0573541899
155.3064135,0.0573723189
155.4169659,0.0575082866
155.636046,0.0573481469
155.7762918,0.0579615122
155.8856356,0.0572846953
155.9952304,0.0575082866
156.120271,0.0575324586
156.3342497,0.0583301357
156.4602455,0.0572816738
156.5539498,0.0580310068
156.6479026,0.0756131388
156.7570045,0.0587954473
156.8665983,0.0577046844
157.0850507,0.0579464047
157.2266458,0.0577651145
157.3154931,0.0574176415
157.4105221,0.0574871361
157.5045693,0.057450878
157.6138767,0.0576351898
157.8456651,0.0571759212
157.9553522,0.0813660825
158.0647424,0.0587048022
158.1742731,0.0581367594
158.289988,0.0575082866
158.5186566,0.0573572114
158.6137248,0.0574750501
158.7227574,0.0574538995
158.8477753,0.0574236845
