Timestamp,Current(uA),,,,,,,,
0,-3.93E-05,,,,,,,,
0.1050212,-7.86E-05,,,,,,,,
0.1965238,8.46E-05,,,,,,,,
0.3998437,9.06E-05,,,,,,,,
0.4844816,4.83E-05,,,,,,,,
0.5732539,3.02E-05,,,,,,,,
0.7632705,-7.86E-05,,,,,,,,
0.8658782,3.02E-06,,,,,,,,
1.0732408,-6.04E-06,,,,,,,,
1.1883924,9.06E-06,,,,,,,,
1.2871156,-4.53E-05,,,,,,,,
1.4963361,3.02E-06,,,,,,,,
1.5841566,-2.42E-05,,,,,,,,
1.7961896,1.21E-05,,,,,,,,
1.9004178,-7.25E-05,,,,,,,,
2.0035028,-0.00012086,,,,,,,,
2.2053362,9.06E-05,,,,,,,,
2.3011687,3.02E-05,,,,,,,,
2.4913748,-6.35E-05,,,,,,,,
2.5784216,8.46E-05,,,,,,,,
2.6815145,5.74E-05,,,,,,,,
2.8689118,6.04E-05,,,,,,,,
2.97401,-0.000126903,,,,,,,,
3.0773126,-7.86E-05,,,,,,,,
3.2683005,0.074890999,,,,,,,,
3.37143,0.079266137,,,,,,,,
3.5628388,0.105686169,,,,,,,,
3.6658987,0.188191358,,,,,,,,
3.7536308,0.14554585,,,,,,,,
3.9394471,0.156939942,,,,,,,,
4.0443409,0.137360595,,,,,,,,
4.1326947,0.137629509,,,,,,,,first spike: joinack
4.3481813,0.005236267,,,,,,,,second spike:request
4.4213381,0.005435686,,,,,,,,
4.6059713,0.005284611,,,,,,,,
4.7190161,0.005251374,,,,,,,,
4.7907691,0.005118428,,,,,,,,
4.9976375,0.005127493,,,,,,,,
5.0951846,0.005175837,,,,,,,,
5.1818482,0.004976417,,,,,,,,
5.3904608,0.011239995,,,,,,,,
5.5134296,0.011052662,,,,,,,,
5.699868,0.011276253,,,,,,,,
5.7870438,0.011221866,,,,,,,,
5.8904313,0.011116114,,,,,,,,
6.0658396,0.011185608,,,,,,,,
6.1711855,0.011282296,,,,,,,,
6.2523886,0.011276253,,,,,,,,
6.4691772,0.011182587,,,,,,,,
6.5573822,0.011215823,,,,,,,,
6.748654,0.011146329,,,,,,,,
6.8516843,0.010934823,,,,,,,,
6.9658164,0.011255103,,,,,,,,
7.1590305,0.011264167,,,,,,,,
7.238774,0.011116114,,,,,,,,
7.4215001,0.011267189,,,,,,,,
7.5252229,0.011182587,,,,,,,,
7.6283038,0.011155393,,,,,,,,
7.8185086,0.011073813,,,,,,,,
7.914692,0.011107049,,,,,,,,
8.0019697,0.011167479,,,,,,,,
8.2031848,0.011291361,,,,,,,,
8.3029935,0.011143307,,,,,,,,
8.3769716,0.011258124,,,,,,,,
8.5835158,0.011185608,,,,,,,,
8.6642422,0.011264167,,,,,,,,
8.8498834,0.011496823,,,,,,,,
8.9527805,0.011152372,,,,,,,,
9.0412851,0.011200716,,,,,,,,
9.1915496,0.011016404,,,,,,,,
9.2944491,0.011191651,,,,,,,,
9.3816842,0.011397113,,,,,,,,
9.5725859,0.01120978,,,,,,,,
9.6713235,0.011261146,,,,,,,,
9.7746866,0.011140286,,,,,,,,
9.9667616,0.011436393,,,,,,,,
10.0346016,0.011158415,,,,,,,,
10.1228206,0.011243017,,,,,,,,
10.3380253,0.011267189,,,,,,,,
10.4165075,0.011061726,,,,,,,,
10.5036592,0.011227909,,,,,,,,
10.7113077,0.011140286,,,,,,,,
10.7893667,0.011327619,,,,,,,,
10.8465261,0.011004318,,,,,,,,
11.0486495,0.011134243,,,,,,,,
11.1535725,0.011264167,,,,,,,,
11.3276312,0.0111282,,,,,,,,
11.4147822,0.011264167,,,,,,,,
11.471691,0.011101006,,,,,,,,
11.5593689,0.010931802,,,,,,,,
11.7494725,0.011143307,,,,,,,,
11.8119609,0.011025468,,,,,,,,
11.8987087,0.011194673,,,,,,,,
12.10425,0.011094963,,,,,,,,
12.1916658,0.011221866,,,,,,,,
12.3703847,0.011227909,,,,,,,,
12.4658294,0.011158415,,,,,,,,
12.5378592,0.011155393,,,,,,,,
12.610565,0.011282296,,,,,,,,
12.7878583,0.011131221,,,,,,,,
12.8754391,0.011167479,,,,,,,,
12.9469416,0.01120978,,,,,,,,
13.1379113,0.010940866,,,,,,,,
13.2326578,0.011239995,,,,,,,,
13.305003,0.011288339,,,,,,,,
13.4946555,0.011206759,,,,,,,,
13.5657086,0.011221866,,,,,,,,
13.6521626,0.011233952,,,,,,,,
13.8316556,0.011481716,,,,,,,,
13.9129442,0.011203737,,,,,,,,
13.9666955,0.01114935,,,,,,,,
14.1709954,0.011167479,,,,,,,,
14.2869356,0.011212802,,,,,,,,
14.3678062,0.011107049,,,,,,,,
14.5349729,0.011288339,,,,,,,,
14.6224528,0.011264167,,,,,,,,
14.7096646,0.011215823,,,,,,,,
14.8989398,0.011203737,,,,,,,,
14.9707439,0.011143307,,,,,,,,
15.0488538,0.011212802,,,,,,,,
15.2120434,0.011040576,,,,,,,,
15.2993982,0.011143307,,,,,,,,
15.3869952,0.011076834,,,,,,,,
15.4495143,0.011218845,,,,,,,,
15.6475766,0.011294382,,,,,,,,
15.7206807,0.011236974,,,,,,,,
15.7987898,0.011360855,,,,,,,,
15.9899444,0.011146329,,,,,,,,
16.0625698,0.011091942,,,,,,,,
16.1343982,0.011034533,,,,,,,,
16.3187301,0.011433371,,,,,,,,
16.4070634,0.011025468,,,,,,,,
16.4901444,0.011255103,,,,,,,,
16.6981538,0.011116114,,,,,,,,
16.7716795,0.011091942,,,,,,,,
16.8500279,0.011185608,,,,,,,,
17.0256782,0.01139107,,,,,,,,
17.0985356,0.011082877,,,,,,,,
17.169978,0.011137264,,,,,,,,
17.3424378,0.011176544,,,,,,,,
17.4455753,0.01108892,,,,,,,,
17.50836,0.01114935,,,,,,,,
17.667899,0.011146329,,,,,,,,
17.770761,0.011267189,,,,,,,,
17.8396321,0.011191651,,,,,,,,
17.9192611,0.011019425,,,,,,,,
18.1190707,0.011236974,,,,,,,,
18.1942836,0.011194673,,,,,,,,
18.3945191,0.011197694,,,,,,,,
18.4726595,0.011167479,,,,,,,,
18.5436922,0.011200716,,,,,,,,
18.6197127,0.011146329,,,,,,,,
18.8045951,0.011046619,,,,,,,,
18.8829311,0.011215823,,,,,,,,
18.9550441,0.010965038,,,,,,,,
19.1595315,0.011246038,,,,,,,,
19.2283676,0.011279275,,,,,,,,
19.2942678,0.011246038,,,,,,,,
19.4792076,0.011224888,,,,,,,,
19.5637312,0.011061726,,,,,,,,
19.6336628,0.011104028,,,,,,,,
19.7937116,0.011152372,,,,,,,,
19.897251,0.011013382,,,,,,,,
19.9530642,0.011158415,,,,,,,,
20.0323356,0.011318554,,,,,,,,
20.2404455,0.011143307,,,,,,,,
20.3303859,0.011306468,,,,,,,,
20.5030405,0.010977124,,,,,,,,
20.6024004,0.011218845,,,,,,,,
20.6667242,0.011176544,,,,,,,,
20.8551809,0.010952952,,,,,,,,
20.9447531,0.011046619,,,,,,,,
21.016506,0.011161436,,,,,,,,
21.1982239,0.011194673,,,,,,,,
21.2917092,0.011134243,,,,,,,,
21.3661649,0.011179565,,,,,,,,
21.4382269,0.011113092,,,,,,,,
21.6196995,0.011261146,,,,,,,,
21.6918456,0.011113092,,,,,,,,
21.7793513,0.011318554,,,,,,,,
21.9521873,0.011116114,,,,,,,,
22.0304778,0.011297404,,,,,,,,
22.0894744,0.011324597,,,,,,,,
22.2800781,0.011070791,,,,,,,,
22.3339196,0.01130949,,,,,,,,
22.422312,0.011152372,,,,,,,,
22.4802484,0.011107049,,,,,,,,
22.6935039,0.011107049,,,,,,,,
22.7757121,0.011206759,,,,,,,,
22.950649,0.011182587,,,,,,,,
23.0538109,0.011143307,,,,,,,,
23.1423507,0.011300425,,,,,,,,
23.3205503,0.011037554,,,,,,,,
23.4256307,0.011182587,,,,,,,,
23.4881169,0.011243017,,,,,,,,
23.6799165,0.010965038,,,,,,,,
23.7675521,0.011221866,,,,,,,,
23.8392888,0.011070791,,,,,,,,
24.0210325,0.011282296,,,,,,,,
24.0971733,0.011161436,,,,,,,,
24.1522056,0.011131221,,,,,,,,
24.2096848,0.01114935,,,,,,,,
24.3668232,0.010952952,,,,,,,,
24.4449697,0.011182587,,,,,,,,
24.5166419,0.01136992,,,,,,,,
24.5729486,0.011285318,,,,,,,,
24.7661889,0.011170501,,,,,,,,
24.8535362,0.011097985,,,,,,,,
24.9254007,0.011101006,,,,,,,,
25.0947915,0.011164458,,,,,,,,
25.2005859,0.011291361,,,,,,,,
25.2811988,0.011194673,,,,,,,,
25.4561044,0.011206759,,,,,,,,
25.5337581,0.011215823,,,,,,,,
25.5962466,0.011122157,,,,,,,,
25.6683603,0.01124906,,,,,,,,
25.8756038,0.011191651,,,,,,,,
25.9519026,0.01108892,,,,,,,,
26.0238972,0.011152372,,,,,,,,
26.2325913,0.011182587,,,,,,,,
26.3078537,0.011255103,,,,,,,,
26.3716341,0.011055683,,,,,,,,
26.572388,0.011104028,,,,,,,,
26.6419153,0.011161436,,,,,,,,
26.7179365,0.011258124,,,,,,,,
26.9074981,0.011345748,,,,,,,,
26.9793219,0.010983167,,,,,,,,
27.0675615,0.011233952,,,,,,,,
27.2806187,0.011070791,,,,,,,,
27.352091,0.011134243,,,,,,,,
27.4304632,0.011158415,,,,,,,,
27.62241,0.011375963,,,,,,,,
27.7186629,0.011185608,,,,,,,,
27.8921623,0.011206759,,,,,,,,
28.0099312,0.011246038,,,,,,,,
28.0964588,0.01114935,,,,,,,,
28.2379917,0.011167479,,,,,,,,
28.3560185,0.011233952,,,,,,,,
28.4281266,0.011182587,,,,,,,,
28.5946511,0.011203737,,,,,,,,
28.6657124,0.01127021,,,,,,,,
28.7476499,0.011131221,,,,,,,,
28.819364,0.011137264,,,,,,,,
29.0261959,0.011116114,,,,,,,,
29.0890187,0.011297404,,,,,,,,
29.1836492,0.01108892,,,,,,,,
29.3835782,0.0111282,,,,,,,,
29.4712927,0.011170501,,,,,,,,
29.5497894,0.011236974,,,,,,,,
29.7378159,0.011191651,,,,,,,,
29.8250307,0.011122157,,,,,,,,
29.8810723,0.011191651,,,,,,,,
30.0983533,0.011246038,,,,,,,,
30.1956006,0.011094963,,,,,,,,
30.3679211,0.011363877,,,,,,,,
30.4671931,0.011212802,,,,,,,,
30.5458933,0.011091942,,,,,,,,
30.7220132,0.011131221,,,,,,,,
30.8326448,0.011191651,,,,,,,,
30.9052574,0.01118863,,,,,,,,
31.0804774,0.011294382,,,,,,,,
31.168157,0.011267189,,,,,,,,
31.2316914,0.011134243,,,,,,,,
31.4273832,0.011206759,,,,,,,,
31.4993112,0.011034533,,,,,,,,
31.5870778,0.011194673,,,,,,,,
31.6655215,0.011230931,,,,,,,,
31.8749035,0.011061726,,,,,,,,
31.9463148,0.01133064,,,,,,,,
32.0192445,0.011161436,,,,,,,,
32.2339941,0.011131221,,,,,,,,
32.3080246,0.011258124,,,,,,,,
32.4993759,0.011221866,,,,,,,,
32.5867523,0.011212802,,,,,,,,
32.6430449,0.011282296,,,,,,,,
32.7240251,0.01120978,,,,,,,,
32.9303741,0.011143307,,,,,,,,
33.0032072,0.011312511,,,,,,,,
33.0765837,0.011203737,,,,,,,,
33.2771191,0.011037554,,,,,,,,
33.3393893,0.011173522,,,,,,,,
33.5630155,0.011261146,,,,,,,,
33.6343338,0.011113092,,,,,,,,
33.7003928,0.011101006,,,,,,,,
33.7878013,0.01127021,,,,,,,,
33.9855227,0.01133064,,,,,,,,
34.0412973,0.010925759,,,,,,,,
34.1381235,0.011173522,,,,,,,,
34.3313095,0.011091942,,,,,,,,
34.3939958,0.011318554,,,,,,,,
34.4724788,0.011076834,,,,,,,,
34.6684352,0.011218845,,,,,,,,
34.7434853,0.011134243,,,,,,,,
34.8152025,0.011233952,,,,,,,,
35.0123347,0.011279275,,,,,,,,
35.1002553,0.011179565,,,,,,,,
35.1642562,0.011233952,,,,,,,,
35.359545,0.011146329,,,,,,,,
35.4315448,0.011303447,,,,,,,,
35.5192494,0.011221866,,,,,,,,
35.7045418,0.011261146,,,,,,,,
35.7829804,0.011306468,,,,,,,,
35.8547751,0.011243017,,,,,,,,
36.0306989,0.011197694,,,,,,,,
36.1180549,0.011294382,,,,,,,,
36.1893532,0.011212802,,,,,,,,
36.362079,0.011004318,,,,,,,,
36.4650338,0.011333662,,,,,,,,
36.5123634,0.011303447,,,,,,,,
36.58424,0.011224888,,,,,,,,
36.8007,0.011227909,,,,,,,,
36.8730742,0.011197694,,,,,,,,
36.9515285,0.011236974,,,,,,,,
37.1700184,0.011197694,,,,,,,,
37.243972,0.01130949,,,,,,,,
37.4183742,0.011122157,,,,,,,,
37.4931744,0.011212802,,,,,,,,
37.5692873,0.0111282,,,,,,,,
37.656517,0.011101006,,,,,,,,
37.8404561,0.011164458,,,,,,,,
37.9031007,0.011055683,,,,,,,,
37.975412,0.011273232,,,,,,,,
38.182047,0.011137264,,,,,,,,
38.2527133,0.011137264,,,,,,,,
38.3311045,0.011224888,,,,,,,,
38.5135973,0.011200716,,,,,,,,
38.5850325,0.011116114,,,,,,,,
38.64919,0.011415242,,,,,,,,
38.735011,0.011164458,,,,,,,,
38.9359221,0.011212802,,,,,,,,
39.0185585,0.011119135,,,,,,,,
39.0657479,0.011091942,,,,,,,,
39.2726269,0.011158415,,,,,,,,
39.3287716,0.011043597,,,,,,,,
39.4158392,0.011082877,,,,,,,,
39.6227727,0.01118863,,,,,,,,
39.7012338,0.011046619,,,,,,,,
39.7739415,0.011261146,,,,,,,,
39.9803209,0.011164458,,,,,,,,
40.0677396,0.011354812,,,,,,,,
40.1394529,0.011146329,,,,,,,,
40.3466992,0.01118863,,,,,,,,
40.4214717,0.011197694,,,,,,,,
40.6245048,0.011243017,,,,,,,,
40.7185266,0.010983167,,,,,,,,
40.8062064,0.011179565,,,,,,,,
41.0103393,0.011119135,,,,,,,,
41.0995346,0.011375963,,,,,,,,
41.1771544,0.011215823,,,,,,,,
41.356599,0.011236974,,,,,,,,
41.4452382,0.011427328,,,,,,,,
41.531151,0.011110071,,,,,,,,
41.7449113,0.011125178,,,,,,,,
41.8232743,0.011191651,,,,,,,,
41.9104128,0.011097985,,,,,,,,
42.1318842,0.011170501,,,,,,,,
42.2224846,0.011224888,,,,,,,,
42.4405034,0.011261146,,,,,,,,
42.5123348,0.010916694,,,,,,,,
42.5845874,0.011176544,,,,,,,,
42.7683135,0.011146329,,,,,,,,
42.8491272,0.011194673,,,,,,,,
42.9369624,0.011185608,,,,,,,,
43.1448297,0.011182587,,,,,,,,
43.2243558,0.01127021,,,,,,,,
43.2900726,0.011227909,,,,,,,,
43.4665095,0.011122157,,,,,,,,
43.5701024,0.011315533,,,,,,,,
43.6294289,0.01118863,,,,,,,,
43.6825064,0.011073813,,,,,,,,
43.8954921,0.010898565,,,,,,,,
43.9672363,0.011107049,,,,,,,,
44.0456395,0.011233952,,,,,,,,
44.2616625,0.011167479,,,,,,,,
44.3380088,0.01114935,,,,,,,,
44.5286161,0.011191651,,,,,,,,
44.6164642,0.011385027,,,,,,,,
44.6851201,0.011212802,,,,,,,,
44.8678436,0.011239995,,,,,,,,
44.9552497,0.011227909,,,,,,,,
45.0450574,0.011122157,,,,,,,,
45.2410374,0.011300425,,,,,,,,
45.3193526,0.011285318,,,,,,,,
45.3758013,0.011267189,,,,,,,,
45.447571,0.011037554,,,,,,,,
45.6541952,0.011082877,,,,,,,,
45.74237,0.011203737,,,,,,,,
45.9329392,0.011176544,,,,,,,,
46.0171253,0.01127021,,,,,,,,
46.0893807,0.011073813,,,,,,,,
46.1694597,0.011122157,,,,,,,,
46.3738177,0.011107049,,,,,,,,
46.4532683,0.01114935,,,,,,,,
46.6658345,0.011303447,,,,,,,,
46.7214835,0.011164458,,,,,,,,
46.8029964,0.011043597,,,,,,,,
47.0069566,0.011064748,,,,,,,,
47.0742162,0.011185608,,,,,,,,
47.1367017,0.011206759,,,,,,,,
47.208658,0.011215823,,,,,,,,
47.407237,0.011194673,,,,,,,,
47.4847539,0.011146329,,,,,,,,
47.547313,0.011197694,,,,,,,,
47.7534416,0.011230931,,,,,,,,
47.806332,0.011085899,,,,,,,,
47.8859473,0.01136992,,,,,,,,
48.1086383,0.011255103,,,,,,,,
48.1737007,0.01133064,,,,,,,,
48.2631692,0.011067769,,,,,,,,
48.4618466,0.01102849,,,,,,,,
48.5420829,0.011218845,,,,,,,,
48.7742797,0.011388049,,,,,,,,
48.8527215,0.011288339,,,,,,,,
48.9241362,0.011179565,,,,,,,,
49.1010267,0.011218845,,,,,,,,
49.1833758,0.011185608,,,,,,,,
49.2452507,0.011113092,,,,,,,,
49.3263495,0.011119135,,,,,,,,
49.516533,0.011227909,,,,,,,,
49.5944735,0.011221866,,,,,,,,
49.660767,0.011067769,,,,,,,,
49.8651848,0.011258124,,,,,,,,
49.9568014,0.011203737,,,,,,,,
50.0276483,0.011246038,,,,,,,,
50.2325162,0.011182587,,,,,,,,
50.2950013,0.011146329,,,,,,,,
50.3816979,0.011143307,,,,,,,,
50.5970647,0.011273232,,,,,,,,
50.6807663,0.011091942,,,,,,,,
50.7604518,0.011152372,,,,,,,,
50.9737411,0.011173522,,,,,,,,
51.0537423,0.011315533,,,,,,,,
51.2458672,0.011191651,,,,,,,,
51.3262837,0.011016404,,,,,,,,
51.3987117,0.011206759,,,,,,,,
51.6133805,0.011291361,,,,,,,,
51.70756,0.011131221,,,,,,,,
51.764004,0.011146329,,,,,,,,
51.9511957,0.011315533,,,,,,,,
52.0133482,0.011152372,,,,,,,,
52.1039289,0.011212802,,,,,,,,
52.3127678,0.010919716,,,,,,,,
52.4024337,0.011230931,,,,,,,,
52.4819293,0.011236974,,,,,,,,
52.68952,0.011052662,,,,,,,,
52.777062,0.011239995,,,,,,,,
52.8398854,0.011104028,,,,,,,,
53.0578317,0.011200716,,,,,,,,
53.1144745,0.011276253,,,,,,,,
53.1931104,0.011094963,,,,,,,,
53.3820093,0.011110071,,,,,,,,
53.4539032,0.011152372,,,,,,,,
53.5372581,0.011046619,,,,,,,,
53.7349731,0.011167479,,,,,,,,
53.7905618,0.011107049,,,,,,,,
53.885947,0.011134243,,,,,,,,
54.0774161,0.01133064,,,,,,,,
54.1681071,0.011125178,,,,,,,,
54.2446237,0.011230931,,,,,,,,
54.4390249,0.011155393,,,,,,,,
54.5277349,0.011243017,,,,,,,,
54.5959538,0.010995253,,,,,,,,
54.7781327,0.010931802,,,,,,,,
54.8654878,0.011185608,,,,,,,,
54.9531653,0.011110071,,,,,,,,
55.1599666,0.011300425,,,,,,,,
55.2229189,0.011091942,,,,,,,,
55.325613,0.011182587,,,,,,,,
55.5336793,0.011079856,,,,,,,,
55.6384705,0.011119135,,,,,,,,
55.8317534,0.011233952,,,,,,,,
55.9346735,0.011291361,,,,,,,,
56.0091818,0.011203737,,,,,,,,
56.1947794,0.011252081,,,,,,,,
56.3003117,0.011052662,,,,,,,,
56.3875481,0.011173522,,,,,,,,
56.6116327,0.011131221,,,,,,,,
56.6901564,0.011197694,,,,,,,,
56.7481813,0.011258124,,,,,,,,
56.9987568,0.011143307,,,,,,,,
57.0874639,0.011034533,,,,,,,,
57.3054091,0.011230931,,,,,,,,
57.3892819,0.011176544,,,,,,,,
57.4628251,0.011137264,,,,,,,,
57.6774325,0.011218845,,,,,,,,
57.7508887,0.01124906,,,,,,,,
57.9426333,0.011243017,,,,,,,,
58.0144167,0.011227909,,,,,,,,
58.1019935,0.01118863,,,,,,,,
58.2832512,0.01120978,,,,,,,,
58.4023374,0.011137264,,,,,,,,
58.4894998,0.011104028,,,,,,,,
58.6869148,0.011206759,,,,,,,,
58.7759372,0.011134243,,,,,,,,
58.8492772,0.011176544,,,,,,,,
59.0309684,0.011233952,,,,,,,,
59.103038,0.011170501,,,,,,,,
59.1915574,0.011327619,,,,,,,,
59.3790411,0.011143307,,,,,,,,
59.4744996,0.01102849,,,,,,,,
59.5463637,0.011122157,,,,,,,,
59.735048,0.011230931,,,,,,,,
59.8224891,0.011131221,,,,,,,,
59.9168459,0.011116114,,,,,,,,
60.1204013,0.0111282,,,,,,,,
60.2174395,0.011076834,,,,,,,,
60.2981892,0.011176544,,,,,,,,
60.4954604,0.011140286,,,,,,,,
60.5692999,0.011243017,,,,,,,,
60.647675,0.011336683,,,,,,,,
60.8540682,0.011258124,,,,,,,,
60.9570353,0.010986189,,,,,,,,
61.1479519,0.011125178,,,,,,,,
61.2290662,0.011236974,,,,,,,,
61.2975091,0.010977124,,,,,,,,
61.4825689,0.01124906,,,,,,,,
61.5866811,0.011194673,,,,,,,,
61.6582793,0.011122157,,,,,,,,
61.8443035,0.011276253,,,,,,,,
61.9317398,0.011143307,,,,,,,,
62.0374077,0.011218845,,,,,,,,
62.2198869,0.011243017,,,,,,,,
62.3228792,0.011239995,,,,,,,,
62.411815,0.011122157,,,,,,,,
62.6193664,0.011236974,,,,,,,,
62.6840267,0.011206759,,,,,,,,
62.7739034,0.01118863,,,,,,,,
62.9588221,0.011282296,,,,,,,,
63.0465489,0.011076834,,,,,,,,
63.1183068,0.011107049,,,,,,,,
63.3010606,0.011197694,,,,,,,,
63.3732695,0.011104028,,,,,,,,
63.4615978,0.011176544,,,,,,,,
63.6489411,0.011131221,,,,,,,,
63.7406661,0.011110071,,,,,,,,
63.8283016,0.011264167,,,,,,,,
64.0349301,0.0111282,,,,,,,,
64.1340687,0.011255103,,,,,,,,
64.3211605,0.01133064,,,,,,,,
64.3997529,0.011094963,,,,,,,,
64.4711482,0.0111282,,,,,,,,
64.6445095,0.011191651,,,,,,,,
64.7418018,0.011318554,,,,,,,,
64.8202569,0.010940866,,,,,,,,
64.8915777,0.011233952,,,,,,,,
65.1047789,0.011306468,,,,,,,,
65.1766752,0.011158415,,,,,,,,
65.2653799,0.01179293,,,,,,,,
65.458653,0.011294382,,,,,,,,
65.5411743,0.0111282,,,,,,,,
65.7181312,0.011143307,,,,,,,,
65.8146711,0.0111282,,,,,,,,
65.9171701,0.011155393,,,,,,,,
66.099381,0.011182587,,,,,,,,
66.2069975,0.011239995,,,,,,,,
66.2997824,0.011179565,,,,,,,,
66.4837276,0.011110071,,,,,,,,
66.5712475,0.011212802,,,,,,,,
66.6496732,0.011134243,,,,,,,,
66.8412135,0.011230931,,,,,,,,
66.9242512,0.011073813,,,,,,,,
66.9979533,0.011091942,,,,,,,,
67.1922174,0.010983167,,,,,,,,
67.2798075,0.011239995,,,,,,,,
67.3544407,0.0111282,,,,,,,,
67.5301755,0.011155393,,,,,,,,
67.6243932,0.01120978,,,,,,,,
67.7122162,0.011110071,,,,,,,,
67.8868223,0.011052662,,,,,,,,
67.9678566,0.011291361,,,,,,,,
68.0572576,0.011164458,,,,,,,,
68.2358259,0.011146329,,,,,,,,
68.3160459,0.012720532,,,,,,,,
68.3893546,5.14E-05,,,,,,,,
68.5796845,0.000154097,,,,,,,,
68.6836126,0.000151075,,,,,,,,
68.7620069,0.000178269,,,,,,,,
68.9680672,0.000151075,,,,,,,,
69.0552099,2.12E-05,,,,,,,,
69.143123,8.16E-05,,,,,,,,
69.3570865,1.51E-05,,,,,,,,
69.4164704,8.16E-05,,,,,,,,
69.5104641,0.000123882,,,,,,,,
69.7053149,0.000247763,,,,,,,,
69.80305,2.72E-05,,,,,,,,
69.9673534,0.000253806,,,,,,,,
70.0545738,0.000290065,,,,,,,,
70.1486448,-3.02E-05,,,,,,,,
70.3240886,6.95E-05,,,,,,,,
70.4335213,-4.23E-05,,,,,,,,
70.5156564,0.000102731,,,,,,,,
70.7111881,0.000193376,,,,,,,,
70.794543,6.95E-05,,,,,,,,
70.8798557,0.00012086,,,,,,,,
71.0526273,-2.72E-05,,,,,,,,
71.1571754,9.67E-05,,,,,,,,
71.2449022,1.51E-05,,,,,,,,
71.4371992,4.53E-05,,,,,,,,
71.5400801,0.000196398,,,,,,,,
71.596301,4.23E-05,,,,,,,,
71.8085847,5.44E-05,,,,,,,,
71.8872323,-1.81E-05,,,,,,,,
71.9747015,8.46E-05,,,,,,,,
72.1860798,0.000102731,,,,,,,,
72.2613061,5.14E-05,,,,,,,,
72.4498824,3.02E-06,,,,,,,,
72.5572211,-1.81E-05,,,,,,,,
72.631559,-3.93E-05,,,,,,,,
72.840101,5.74E-05,,,,,,,,
72.9191595,1.21E-05,,,,,,,,
72.9912847,0.000199419,,,,,,,,
73.1827489,5.14E-05,,,,,,,,
73.2699637,5.74E-05,,,,,,,,
73.3578087,0.000202441,,,,,,,,
73.5437933,5.14E-05,,,,,,,,
73.6484049,7.86E-05,,,,,,,,
73.7273017,0.000135968,,,,,,,,
73.8802999,2.42E-05,,,,,,,,
73.9752844,0.00012086,,,,,,,,
74.0764138,1.51E-05,,,,,,,,
74.2575826,0.000193376,,,,,,,,
74.3445312,0.000117839,,,,,,,,
74.4319792,8.46E-05,,,,,,,,
74.6293977,3.93E-05,,,,,,,,
74.7176252,0.000154097,,,,,,,,
74.7892403,3.63E-05,,,,,,,,
74.9553113,8.76E-05,,,,,,,,
75.0543387,2.42E-05,,,,,,,,
75.1440507,5.74E-05,,,,,,,,
75.2988615,7.25E-05,,,,,,,,
75.4018399,-6.04E-06,,,,,,,,
75.4863841,5.44E-05,,,,,,,,
75.6485918,0.000277979,,,,,,,,
75.7485208,0.000205462,,,,,,,,
75.8120809,0.000129925,,,,,,,,
76.0013149,-8.16E-05,,,,,,,,
76.1091341,0.000311215,,,,,,,,
76.1948646,1.51E-05,,,,,,,,
76.3630957,-6.04E-06,,,,,,,,
76.4477512,1.81E-05,,,,,,,,
76.5275808,-4.83E-05,,,,,,,,
76.7035538,-3.63E-05,,,,,,,,
76.791682,8.16E-05,,,,,,,,
76.8793556,0.000274957,,,,,,,,
77.0525622,6.04E-05,,,,,,,,
77.1522402,-1.81E-05,,,,,,,,
77.2261355,0.000111796,,,,,,,,
77.4178421,2.12E-05,,,,,,,,
77.5268171,0.000205462,,,,,,,,
77.5898674,-1.81E-05,,,,,,,,
77.7688962,0.000184312,,,,,,,,
77.8568179,4.53E-05,,,,,,,,
77.9305834,-3.32E-05,,,,,,,,
78.136882,5.74E-05,,,,,,,,
78.2498374,0.000163161,,,,,,,,
78.3131464,0.026495569,,,,,,,,
78.52457,0.011097985,,,,,,,,
78.6191036,0.011158415,,,,,,,,
78.7075365,0.011267189,,,,,,,,
78.8762377,0.011197694,,,,,,,,
78.9647946,0.011227909,,,,,,,,
79.0538835,0.01118863,,,,,,,,
79.2574417,0.011155393,,,,,,,,
79.3454454,0.011421285,,,,,,,,
79.5265769,0.011094963,,,,,,,,
79.6299132,0.011167479,,,,,,,,
79.7171837,0.011073813,,,,,,,,
79.8927467,0.011037554,,,,,,,,
79.9803257,0.011194673,,,,,,,,
80.0515573,0.011125178,,,,,,,,
80.2550544,0.011324597,,,,,,,,
80.3493447,0.01130949,,,,,,,,
80.4363186,0.011146329,,,,,,,,
80.5939545,0.01096806,,,,,,,,
80.6902717,0.011082877,,,,,,,,
80.7788298,0.011122157,,,,,,,,
80.9580489,0.011200716,,,,,,,,
81.0457596,0.011227909,,,,,,,,
81.1333495,0.01127021,,,,,,,,
81.3388653,0.005894955,,,,,,,,
81.4104571,9.67E-05,,,,,,,,
81.5065838,5.14E-05,,,,,,,,
81.6876549,0.000154097,,,,,,,,
81.7907809,0.000123882,,,,,,,,
81.8829446,2.42E-05,,,,,,,,
82.1020441,8.76E-05,,,,,,,,
82.1996009,0.000235677,,,,,,,,
82.3818805,3.32E-05,,,,,,,,
82.4691855,0.000226613,,,,,,,,
82.5415506,-9.06E-06,,,,,,,,
82.7257561,0.000138989,,,,,,,,
82.8062443,-3.02E-05,,,,,,,,
82.8791483,0.000235677,,,,,,,,
83.0702319,5.44E-05,,,,,,,,
83.1886634,5.44E-05,,,,,,,,
83.262259,-0.000196398,,,,,,,,
83.4682898,0.000169204,,,,,,,,
83.5576425,9.37E-05,,,,,,,,
83.6493958,0.000138989,,,,,,,,
83.8682869,-2.12E-05,,,,,,,,
83.9475233,0.000148054,,,,,,,,
84.1478855,-2.72E-05,,,,,,,,
84.2440655,-3.93E-05,,,,,,,,
84.3317406,-6.04E-06,,,,,,,,
84.5062915,0.000175247,,,,,,,,
84.5947282,0.000199419,,,,,,,,
84.6848568,5.44E-05,,,,,,,,
84.8780384,0.000105753,,,,,,,,
84.9499547,0.000253806,,,,,,,,
85.0420213,0.000199419,,,,,,,,
85.2225707,0.000123882,,,,,,,,
85.3103792,0.000166183,,,,,,,,
85.3820502,-9.06E-06,,,,,,,,
85.5725919,0.000157118,,,,,,,,
85.6673409,1.21E-05,,,,,,,,
85.7382119,4.83E-05,,,,,,,,
85.9291172,0.000163161,,,,,,,,
86.0279347,0.000284022,,,,,,,,
86.1173045,2.12E-05,,,,,,,,
86.3247229,0.000214527,,,,,,,,
86.3950932,0.000111796,,,,,,,,
86.4825054,8.46E-05,,,,,,,,
86.669915,7.55E-05,,,,,,,,
86.7526992,-5.14E-05,,,,,,,,
86.8239695,-0.000154097,,,,,,,,
87.0151246,0.000126903,,,,,,,,
87.114929,0.000404882,,,,,,,,
87.2777461,0.000148054,,,,,,,,
87.3830657,-5.14E-05,,,,,,,,
87.4558898,9.97E-05,,,,,,,,
87.5438117,0.000284022,,,,,,,,
87.7369504,0.000114817,,,,,,,,
87.8401578,0.000117839,,,,,,,,
87.9112646,-4.53E-05,,,,,,,,
88.106738,0.000108774,,,,,,,,
88.188295,3.02E-05,,,,,,,,
88.381841,9.37E-05,,,,,,,,
88.4542483,0.000114817,,,,,,,,
88.548624,6.35E-05,,,,,,,,
88.7052608,0.000196398,,,,,,,,
88.7943904,-3.02E-06,,,,,,,,
88.8833739,0.000223591,,,,,,,,
89.0766283,4.23E-05,,,,,,,,
89.1768666,6.95E-05,,,,,,,,
89.2737058,-0.00012086,,,,,,,,
89.448667,6.04E-05,,,,,,,,
89.5367467,9.67E-05,,,,,,,,
89.6245483,0.000244742,,,,,,,,
89.7981833,2.72E-05,,,,,,,,
89.8856385,3.93E-05,,,,,,,,
89.9732601,-0.000108774,,,,,,,,
90.1625762,0.000217548,,,,,,,,
90.2490916,3.32E-05,,,,,,,,
90.3207939,0.000235677,,,,,,,,
90.4861055,6.35E-05,,,,,,,,
90.5897417,0.000187333,,,,,,,,
90.6681383,3.93E-05,,,,,,,,
90.8439036,0.000157118,,,,,,,,
90.931281,-3.63E-05,,,,,,,,
91.0344384,8.46E-05,,,,,,,,
91.2271019,6.95E-05,,,,,,,,
91.3152831,0.011085899,,,,,,,,
91.4183269,0.011194673,,,,,,,,
91.6128317,0.011246038,,,,,,,,
91.719543,0.011312511,,,,,,,,
91.8944796,0.011025468,,,,,,,,
91.9975453,0.011170501,,,,,,,,
92.0888241,0.011094963,,,,,,,,
92.2702102,0.011085899,,,,,,,,
92.373444,0.011155393,,,,,,,,
92.4362432,0.011079856,,,,,,,,
92.626615,0.011279275,,,,,,,,
92.7298244,0.011273232,,,,,,,,
92.8033111,0.011345748,,,,,,,,
92.9838709,0.011342726,,,,,,,,
93.0868825,0.011173522,,,,,,,,
93.1584643,0.011212802,,,,,,,,
93.3509474,0.011197694,,,,,,,,
93.4384116,0.011227909,,,,,,,,
93.5168146,0.011206759,,,,,,,,
93.6880765,0.011221866,,,,,,,,
93.7995869,0.011224888,,,,,,,,
93.871442,0.011206759,,,,,,,,
94.0905912,0.011197694,,,,,,,,
94.1533563,0.011197694,,,,,,,,
94.2472856,0.011255103,,,,,,,,
94.4256833,0.000138989,,,,,,,,
94.5285028,0.000202441,,,,,,,,
94.739682,4.53E-05,,,,,,,,
94.8207221,0.000157118,,,,,,,,
94.8923702,0.000114817,,,,,,,,
95.0839912,0.000138989,,,,,,,,
95.1870922,0.000211505,,,,,,,,
95.259482,7.55E-05,,,,,,,,
95.3304223,0.000114817,,,,,,,,
95.5373746,8.46E-05,,,,,,,,
95.6285935,0.000142011,,,,,,,,
95.8080091,3.32E-05,,,,,,,,
95.8796617,0.000284022,,,,,,,,
95.9579466,0.000105753,,,,,,,,
96.0312167,0.000211505,,,,,,,,
96.2185771,0.00024172,,,,,,,,
96.2813563,-0.000138989,,,,,,,,
96.3742051,0.00024172,,,,,,,,
96.5645119,0.000135968,,,,,,,,
96.6455875,8.76E-05,,,,,,,,
96.7356381,4.23E-05,,,,,,,,
96.9370433,0.000157118,,,,,,,,
97.0246397,-5.14E-05,,,,,,,,
97.2346148,9.06E-06,,,,,,,,
97.3276573,7.25E-05,,,,,,,,
97.391218,6.65E-05,,,,,,,,
97.5834477,3.63E-05,,,,,,,,
97.6900048,-8.16E-05,,,,,,,,
97.7711867,5.14E-05,,,,,,,,
97.9625414,0.000157118,,,,,,,,
98.0335128,8.76E-05,,,,,,,,
98.1295644,-2.72E-05,,,,,,,,
98.3123492,0.000196398,,,,,,,,
98.4016884,4.83E-05,,,,,,,,
98.4895593,3.32E-05,,,,,,,,
98.6646377,0.000154097,,,,,,,,
98.7586925,0.000169204,,,,,,,,
98.8459087,4.23E-05,,,,,,,,
99.006954,0.000145032,,,,,,,,
99.1109869,0.000172226,,,,,,,,
99.182588,1.21E-05,,,,,,,,
99.364165,4.23E-05,,,,,,,,
99.4667904,1.33E-10,,,,,,,,
99.5383407,0.00022057,,,,,,,,
99.7166115,-1.21E-05,,,,,,,,
99.814838,0.00022057,,,,,,,,
99.9015408,0.000151075,,,,,,,,
100.107392,8.16E-05,,,,,,,,
100.1975179,0.000145032,,,,,,,,
100.2774572,0.000135968,,,,,,,,
100.4520915,0.000108774,,,,,,,,
100.5459563,0.00012086,,,,,,,,
100.6166733,4.53E-05,,,,,,,,
100.8164406,0.000117839,,,,,,,,
100.8935335,0.000102731,,,,,,,,
100.9838623,0.000108774,,,,,,,,
101.1849845,2.72E-05,,,,,,,,
101.2654781,4.53E-05,,,,,,,,
101.3528687,0.00016014,,,,,,,,
101.5278852,-2.72E-05,,,,,,,,
101.6308751,0.000235677,,,,,,,,
101.7125356,0.000217548,,,,,,,,
101.9034365,6.04E-05,,,,,,,,
101.990381,-5.44E-05,,,,,,,,
102.0624858,0.000138989,,,,,,,,
102.278177,7.86E-05,,,,,,,,
102.3503751,3.02E-06,,,,,,,,
102.5178346,3.32E-05,,,,,,,,
102.6135185,0.000157118,,,,,,,,
102.7100411,0.00012086,,,,,,,,
102.913221,6.65E-05,,,,,,,,
103.0166534,3.02E-06,,,,,,,,
103.1043845,0.000259849,,,,,,,,
103.3288596,8.16E-05,,,,,,,,
103.4004903,3.93E-05,,,,,,,,
103.474473,1.21E-05,,,,,,,,
103.6682531,0.000126903,,,,,,,,
103.7591057,9.06E-06,,,,,,,,
103.9360034,0.000111796,,,,,,,,
104.0435059,0.000102731,,,,,,,,
104.1216447,1.21E-05,,,,,,,,
104.3129797,0.003090999,,,,,,,,
104.4004733,0.000111796,,,,,,,,
104.4875303,0.000308194,,,,,,,,
104.6952823,0.000129925,,,,,,,,
104.7829049,0.000132946,,,,,,,,
104.8868351,0.000211505,,,,,,,,
105.0800787,0.000205462,,,,,,,,
105.1744333,0.000223591,,,,,,,,
105.3591323,9.37E-05,,,,,,,,
105.4618743,0.000163161,,,,,,,,
105.5486574,3.63E-05,,,,,,,,
105.7195373,5.14E-05,,,,,,,,
105.8217026,8.76E-05,,,,,,,,
105.9096631,1.33E-10,,,,,,,,
106.0853622,9.97E-05,,,,,,,,
106.1727753,0.000117839,,,,,,,,
106.2756246,0.000111796,,,,,,,,
106.4871178,8.16E-05,,,,,,,,
106.5614087,8.46E-05,,,,,,,,
106.6569951,0.000151075,,,,,,,,
106.831542,0.000202441,,,,,,,,
106.9191344,0.000154097,,,,,,,,
107.0065555,-9.06E-06,,,,,,,,
107.1836474,0.000214527,,,,,,,,
107.2768627,0.000208484,,,,,,,,
107.4727814,3.93E-05,,,,,,,,
107.5756391,0.000145032,,,,,,,,
107.6479434,9.06E-05,,,,,,,,
107.8284762,-6.65E-05,,,,,,,,
107.9138112,0.000193376,,,,,,,,
108.0023593,9.37E-05,,,,,,,,
108.1775012,-6.95E-05,,,,,,,,
108.2608509,-1.21E-05,,,,,,,,
108.3391987,0.000111796,,,,,,,,
108.4262933,9.97E-05,,,,,,,,
108.6016762,4.83E-05,,,,,,,,
108.7050663,5.74E-05,,,,,,,,
108.7772102,9.97E-05,,,,,,,,
108.9840708,0.000132946,,,,,,,,
109.0621853,0.000132946,,,,,,,,
109.2471265,0.00018129,,,,,,,,
109.3118663,4.53E-05,,,,,,,,
109.3911567,0.000123882,,,,,,,,
109.477865,-3.32E-05,,,,,,,,
109.6856814,0.000114817,,,,,,,,
109.7434884,0.00016014,,,,,,,,
109.8433615,-5.44E-05,,,,,,,,
110.0339921,-2.12E-05,,,,,,,,
110.1281412,0.000190355,,,,,,,,
110.3190647,-4.83E-05,,,,,,,,
110.4067634,3.32E-05,,,,,,,,
110.4986217,1.81E-05,,,,,,,,
110.6910896,0.000135968,,,,,,,,
110.7775398,0.000184312,,,,,,,,
110.8539077,0.00016014,,,,,,,,
111.0153123,7.86E-05,,,,,,,,
111.1029466,0.000151075,,,,,,,,
111.1905956,0.000193376,,,,,,,,
111.3565508,0.000108774,,,,,,,,
111.4439051,0.000235677,,,,,,,,
111.5467913,0.00022057,,,,,,,,
111.7161763,0.000172226,,,,,,,,
111.8028144,0.000187333,,,,,,,,
111.8735811,-3.63E-05,,,,,,,,
111.9505463,8.46E-05,,,,,,,,
112.1414228,-3.63E-05,,,,,,,,
112.2238688,0.000229634,,,,,,,,
112.2890064,1.21E-05,,,,,,,,
112.4965452,6.65E-05,,,,,,,,
112.605277,6.04E-06,,,,,,,,
112.7832867,6.95E-05,,,,,,,,
112.8721703,-9.06E-06,,,,,,,,
112.9593242,-7.86E-05,,,,,,,,
113.149471,5.74E-05,,,,,,,,
113.2234388,9.06E-06,,,,,,,,
113.3135766,0.000142011,,,,,,,,
113.5029672,0.000211505,,,,,,,,
113.5901949,0.000175247,,,,,,,,
113.6623107,-6.95E-05,,,,,,,,
113.8589175,0.000211505,,,,,,,,
113.9374906,0.00012086,,,,,,,,
113.9931828,7.25E-05,,,,,,,,
114.2153509,7.55E-05,,,,,,,,
114.3121511,-4.53E-05,,,,,,,,
114.4151305,5.74E-05,,,,,,,,
114.6064213,5.74E-05,,,,,,,,
114.6798919,6.65E-05,,,,,,,,
114.7676565,7.55E-05,,,,,,,,
114.9811588,2.42E-05,,,,,,,,
115.0764976,4.23E-05,,,,,,,,
115.2565976,6.35E-05,,,,,,,,
115.3598512,0.000132946,,,,,,,,
115.4316305,3.63E-05,,,,,,,,
115.6255461,-9.67E-05,,,,,,,,
115.6969578,6.65E-05,,,,,,,,
115.7846705,0.000217548,,,,,,,,
115.9865229,0.000142011,,,,,,,,
116.0490195,-2.12E-05,,,,,,,,
116.1366228,-7.86E-05,,,,,,,,
116.3431227,0.000290065,,,,,,,,
116.4306146,0.000117839,,,,,,,,
116.517235,9.97E-05,,,,,,,,
116.6852662,3.02E-05,,,,,,,,
116.7714563,9.06E-06,,,,,,,,
116.8746781,0.000157118,,,,,,,,
117.0570499,0.00012086,,,,,,,,
117.1523094,0.000123882,,,,,,,,
117.2272113,-1.21E-05,,,,,,,,
117.4312152,0.000190355,,,,,,,,
117.5203395,9.06E-05,,,,,,,,
117.5880254,-1.51E-05,,,,,,,,
117.7851977,0.000202441,,,,,,,,
117.8636682,5.44E-05,,,,,,,,
117.9672488,8.76E-05,,,,,,,,
118.1598651,0.000102731,,,,,,,,
118.2470065,-9.37E-05,,,,,,,,
118.4306595,9.06E-05,,,,,,,,
118.5176447,-6.04E-06,,,,,,,,
118.613718,-2.12E-05,,,,,,,,
118.779751,-0.000138989,,,,,,,,
118.8863597,0.000268914,,,,,,,,
118.9577349,0.000290065,,,,,,,,
119.1659578,0.000196398,,,,,,,,
119.2617901,0.000135968,,,,,,,,
119.3333802,0.000193376,,,,,,,,
119.5300011,0.000184312,,,,,,,,
119.6322048,0.000114817,,,,,,,,
119.7196534,-4.23E-05,,,,,,,,
119.9391729,0.000205462,,,,,,,,
120.0002912,0.000190355,,,,,,,,
120.0802855,0.000132946,,,,,,,,
120.2644662,0.00074329,,,,,,,,
120.3315556,0.005934234,,,,,,,,
120.4175657,0.011221866,,,,,,,,
120.5938538,0.011164458,,,,,,,,
120.6817362,0.01120978,,,,,,,,
120.7535846,0.011366898,,,,,,,,
120.9610945,0.015705778,,,,,,,,
121.023584,0.10380075,,,,,,,,
121.1101469,0.01133064,,,,,,,,
121.2989136,0.01102849,,,,,,,,
121.3791356,0.011236974,,,,,,,,
121.4602875,0.0111282,,,,,,,,
121.6490913,0.011031511,,,,,,,,
121.7521273,0.011079856,,,,,,,,
121.8394673,0.011179565,,,,,,,,
122.029741,0.011233952,,,,,,,,
122.1020698,0.011303447,,,,,,,,
122.2065235,0.014192005,,,,,,,,
122.3966608,0.011194673,,,,,,,,
122.4925736,0.011312511,,,,,,,,
122.5517413,0.011022447,,,,,,,,
122.7587074,0.011070791,,,,,,,,
122.8407634,0.011158415,,,,,,,,
122.9205624,0.011170501,,,,,,,,
123.1102697,0.011318554,,,,,,,,
123.1825603,0.011227909,,,,,,,,
123.2447968,0.011261146,,,,,,,,
123.4521487,0.011306468,,,,,,,,
123.5240721,0.011152372,,,,,,,,
123.6271686,0.011140286,,,,,,,,
123.8336716,0.011137264,,,,,,,,
123.9223552,0.01108892,,,,,,,,
124.0993703,0.011152372,,,,,,,,
124.1879225,0.011173522,,,,,,,,
124.2764016,0.011107049,,,,,,,,
124.467079,0.011167479,,,,,,,,
124.5546593,0.011297404,,,,,,,,
124.6356742,0.011155393,,,,,,,,
124.8017495,0.011167479,,,,,,,,
124.9050764,0.011170501,,,,,,,,
124.9929873,0.011064748,,,,,,,,
125.1608187,0.01120978,,,,,,,,
125.2799752,0.012457661,,,,,,,,
125.3674174,0.111596231,,,,,,,,
125.5604159,0.011073813,,,,,,,,
125.6377072,0.011067769,,,,,,,,
125.7097897,0.011158415,,,,,,,,
125.9303022,0.011067769,,,,,,,,
126.0177135,0.011070791,,,,,,,,
126.1978941,0.011125178,,,,,,,,
126.3006595,0.011079856,,,,,,,,
126.3877832,0.011043597,,,,,,,,
126.4604263,0.011155393,,,,,,,,
126.6773552,0.011022447,,,,,,,,
126.7528416,0.011243017,,,,,,,,
126.9249839,0.011243017,,,,,,,,
127.0278615,0.011375963,,,,,,,,
127.1155611,0.011167479,,,,,,,,
127.302483,0.011097985,,,,,,,,
127.3827799,0.011085899,,,,,,,,
127.4558585,0.011239995,,,,,,,,
127.6632578,0.011230931,,,,,,,,
127.7419405,0.01114935,,,,,,,,
127.8203327,0.011167479,,,,,,,,
128.0116903,0.011079856,,,,,,,,
128.0994654,0.01130949,,,,,,,,
128.1843811,0.011264167,,,,,,,,
128.3647363,0.01114935,,,,,,,,
128.4476048,0.01120978,,,,,,,,
128.5253966,0.01452437,,,,,,,,
128.7138851,0.011197694,,,,,,,,
128.7987874,0.011061726,,,,,,,,
128.8786158,0.011094963,,,,,,,,
129.0702724,0.01118863,,,,,,,,
129.1820755,0.011297404,,,,,,,,
129.2874378,0.011143307,,,,,,,,
129.4784354,0.011282296,,,,,,,,
129.5345778,0.011104028,,,,,,,,
129.7278535,0.011107049,,,,,,,,
129.8285535,0.010865329,,,,,,,,
129.9227753,0.011076834,,,,,,,,
130.0985513,0.011457544,,,,,,,,
130.2019568,0.01143035,,,,,,,,
130.2817074,0.013022683,,,,,,,,
130.4628308,0.086164231,,,,,,,,
130.5697326,0.087140177,,,,,,,,
130.65651,0.096908699,,,,,,,,
130.8579708,0.217548291,,,,,,,,
130.9425261,0.155586308,,,,,,,,
131.0166853,0.14902058,,,,,,,,
131.2103719,0.146552011,,,,,,,,
131.2994839,0.144727022,,,,,,,,
131.3875069,0.137037295,,,,,,,,
131.6012289,0.152232438,,,,,,,,
131.6641373,0.137351531,,,,,,,,
131.8647004,0.13714909,,,,,,,,
131.9519037,0.14665172,,,,,,,,
132.0095127,0.145990011,,,,,,,,
132.2136341,0.155559114,,,,,,,,
132.3050737,0.147672989,,,,,,,,
132.3761596,0.148247075,,,,,,,,
132.5532248,0.151803385,,,,,,,,
132.6598898,0.152652427,,,,,,,,
132.7317307,0.162502531,,,,,,,,
132.9178128,0.171678838,,,,,,,,
133.0053209,0.172712193,,,,,,,,
133.0927672,0.172268032,,,,,,,,
133.2532998,0.167046873,,,,,,,,
133.3879004,0.168880926,,,,,,,,
133.4511758,0.166648034,,,,,,,,
133.6100044,0.158831403,,,,,,,,
133.70467,0.15892507,,,,,,,,
133.7973917,0.15595191,,,,,,,,
133.980543,0.162626412,,,,,,,,
134.0523918,0.155619544,,,,,,,,
134.13987,0.158254296,,,,,,,,
134.3131862,0.163771562,,,,,,,,
134.400708,0.171409925,,,,,,,,
134.4805865,0.165400153,,,,,,,,
134.5536633,0.161511477,,,,,,,,
134.7788392,0.164747508,,,,,,,,
134.8708755,0.158719608,,,,,,,,
135.086255,0.162928563,,,,,,,,
135.1581106,0.155985146,,,,,,,,
135.2378585,0.155559114,,,,,,,,
135.4258824,0.166342862,,,,,,,,
135.4974166,0.166687314,,,,,,,,
135.5853457,0.160816531,,,,,,,,
135.7549989,0.174857461,,,,,,,,
135.857844,0.174522074,,,,,,,,
135.9137216,0.180102792,,,,,,,,
136.105249,0.18351407,,,,,,,,
136.1834718,0.173089881,,,,,,,,
136.2555819,0.171002022,,,,,,,,
136.4543046,0.170017011,,,,,,,,
136.5390876,0.176147643,,,,,,,,
136.6085188,0.169660474,,,,,,,,
136.8242527,0.173926837,,,,,,,,
136.9027275,0.169056173,,,,,,,,
136.9876876,0.167007593,,,,,,,,
137.162884,0.175096159,,,,,,,,
137.281656,0.165931938,,,,,,,,
137.3868616,0.168050012,,,,,,,,
137.5769901,0.183015522,,,,,,,,
137.6646757,0.18387665,,,,,,,,
137.741489,0.174709407,,,,,,,,
137.9427168,0.176700578,,,,,,,,
138.030041,0.167605851,,,,,,,,
138.2205821,0.179933587,,,,,,,,
138.3018295,0.169923345,,,,,,,,
138.3825857,0.217714474,,,,,,,,
138.5918003,0.178138814,,,,,,,,
138.6820999,0.175573557,,,,,,,,
138.7632069,0.181241899,,,,,,,,
138.9395849,0.164983185,,,,,,,,
139.034006,0.175646073,,,,,,,,
139.1207725,0.174914869,,,,,,,,
139.2841467,0.176528352,,,,,,,,
139.3716296,0.182296404,,,,,,,,
139.4656701,0.173676053,,,,,,,,
139.630484,0.175794127,,,,,,,,
139.7345315,0.182767758,,,,,,,,
139.8065137,0.174491859,,,,,,,,
139.9720946,0.174216902,,,,,,,,
140.0749735,0.191330701,,,,,,,,
140.1677687,0.18811582,,,,,,,,
140.3649595,0.175407374,,,,,,,,
140.4433976,0.172328462,,,,,,,,
140.5257816,0.181843178,,,,,,,,
140.7184053,0.184949284,,,,,,,,
140.805786,0.174083956,,,,,,,,
140.8936261,0.173990289,,,,,,,,
141.0845929,0.167693475,,,,,,,,
141.1630211,0.185895015,,,,,,,,
141.2602935,0.181825049,,,,,,,,
141.4522294,0.181734404,,,,,,,,
141.5394069,0.184556489,,,,,,,,
141.6266971,0.171017129,,,,,,,,
141.8304009,0.182486758,,,,,,,,
141.9193074,0.165004336,,,,,,,,
142.0970233,0.174993428,,,,,,,,
142.168492,0.177465019,,,,,,,,
142.258248,0.173642816,,,,,,,,
142.3266344,0.174872568,,,,,,,,
142.5346925,0.165759712,,,,,,,,
142.6250232,0.173352752,,,,,,,,
142.7071434,0.193312807,,,,,,,,
142.9180416,0.182846317,,,,,,,,
143.0013395,0.203117588,,,,,,,,
143.1912394,0.205347458,,,,,,,,
143.2825577,0.213375594,,,,,,,,
143.3539951,0.203637287,,,,,,,,
143.5361956,0.204332233,,,,,,,,
143.62315,0.201905965,,,,,,,,
143.726136,0.2050302,,,,,,,,
143.8856948,0.211686573,,,,,,,,
143.9729438,0.202196029,,,,,,,,
144.0637853,0.193424603,,,,,,,,
144.2234543,0.21539698,,,,,,,,
144.326501,0.214955841,,,,,,,,
144.4004559,0.2133061,,,,,,,,
144.4875609,0.210623004,,,,,,,,
144.6939205,0.193122453,,,,,,,,
144.7523126,0.178972749,,,,,,,,
144.9569852,0.172760537,,,,,,,,
145.0602457,0.18831524,,,,,,,,
145.1224254,0.187822735,,,,,,,,
145.3142999,0.183272349,,,,,,,,
145.4170875,0.186429821,,,,,,,,
145.4890778,0.176244331,,,,,,,,
145.663569,0.177138696,,,,,,,,
145.7489268,0.183378102,,,,,,,,
145.8306388,0.169917302,,,,,,,,
146.0266057,0.155547028,,,,,,,,
146.1315172,0.133024737,,,,,,,,
146.1996152,0.140246132,,,,,,,,
146.3912244,0.13381335,,,,,,,,
146.4626535,0.174177622,,,,,,,,
146.5657857,0.187185197,,,,,,,,
146.7334259,0.199540127,,,,,,,,
146.8375465,0.221325171,,,,,,,,
146.9160296,0.217478797,,,,,,,,
147.0916335,0.25260076,,,,,,,,
147.1845391,0.248953804,,,,,,,,
147.2802668,0.241031421,,,,,,,,
147.4664123,0.246566816,,,,,,,,
147.5306607,0.298881137,,,,,,,,
147.6137443,0.226413384,,,,,,,,
147.8198018,0.267986258,,,,,,,,
147.9174263,0.249823998,,,,,,,,
148.0041207,0.241868377,,,,,,,,
148.2078988,0.238115669,,,,,,,,
148.280451,0.246696741,,,,,,,,
148.383269,0.240273023,,,,,,,,
148.5740048,0.228446856,,,,,,,,
148.6472257,0.231308221,,,,,,,,
148.8269541,0.226942147,,,,,,,,
148.930068,0.230628382,,,,,,,,
149.0038617,0.226108212,,,,,,,,
149.0748025,0.22236759,,,,,,,,
149.2662297,0.254344168,,,,,,,,
149.3344038,0.290481356,,,,,,,,
149.4109099,0.273766396,,,,,,,,
149.6121093,0.254223307,,,,,,,,
149.7059024,0.238003874,,,,,,,,
149.7844177,0.250304417,,,,,,,,
149.9737131,0.245373322,,,,,,,,
150.0680627,0.251343814,,,,,,,,
150.2645823,0.249802847,,,,,,,,
150.3517839,0.24309813,,,,,,,,
150.4184192,0.221778397,,,,,,,,
150.6109193,4.23E-05,,,,,,,,
150.6981972,0.000142011,,,,,,,,
150.7698282,0.00016014,,,,,,,,
150.9707019,-2.42E-05,,,,,,,,
151.0395329,0.000256828,,,,,,,,
151.1122738,0.000148054,,,,,,,,
151.2085671,5.44E-05,,,,,,,,
151.3986414,1.21E-05,,,,,,,,
151.4655222,0.000214527,,,,,,,,
151.5699169,0.000235677,,,,,,,,
151.7562844,0.000102731,,,,,,,,
151.85945,0.000111796,,,,,,,,
152.0562668,0.000178269,,,,,,,,
152.1272471,-4.83E-05,,,,,,,,
152.2200056,0.000111796,,,,,,,,
152.4238961,6.35E-05,,,,,,,,
152.4986353,3.63E-05,,,,,,,,
152.6013329,0.000202441,,,,,,,,
152.7836425,0.00018129,,,,,,,,
152.8666606,0.000135968,,,,,,,,
152.939878,7.86E-05,,,,,,,,
153.1474538,0.000145032,,,,,,,,
153.2446364,0.000117839,,,,,,,,
153.3074523,1.81E-05,,,,,,,,
153.4983046,0.000154097,,,,,,,,
153.5848091,3.63E-05,,,,,,,,
153.6646762,8.46E-05,,,,,,,,
153.841098,0.000154097,,,,,,,,
153.9441568,-8.76E-05,,,,,,,,
154.0016184,9.06E-05,,,,,,,,
154.1888819,0.000199419,,,,,,,,
154.2782385,-3.93E-05,,,,,,,,
154.3512033,4.53E-05,,,,,,,,
154.526277,6.04E-05,,,,,,,,
154.6046384,2.42E-05,,,,,,,,
154.6918172,0.000175247,,,,,,,,
154.8818151,3.32E-05,,,,,,,,
154.9795788,5.74E-05,,,,,,,,
155.0675541,9.06E-05,,,,,,,,
155.2739124,5.44E-05,,,,,,,,
155.3519648,4.23E-05,,,,,,,,
155.4080674,-6.65E-05,,,,,,,,
155.6126365,-2.12E-05,,,,,,,,
155.7135696,4.53E-05,,,,,,,,
155.8106226,-9.06E-06,,,,,,,,
156.0016647,8.46E-05,,,,,,,,
156.0890617,0.000229634,,,,,,,,
156.2696089,0.000172226,,,,,,,,
156.3728654,9.06E-05,,,,,,,,
156.4603648,0.000148054,,,,,,,,
156.6446394,0.000172226,,,,,,,,
156.7475672,0.000117839,,,,,,,,
156.84368,-6.65E-05,,,,,,,,
157.0330641,0.000199419,,,,,,,,
157.1485681,0.000114817,,,,,,,,
157.3424428,-4.83E-05,,,,,,,,
157.4110367,-6.35E-05,,,,,,,,
157.4993413,0.000208484,,,,,,,,
157.5780624,0.000145032,,,,,,,,
157.7761383,0.00022057,,,,,,,,
157.8482427,6.95E-05,,,,,,,,
157.9208194,0.000290065,,,,,,,,
158.1278674,-2.72E-05,,,,,,,,
158.2115003,0.000111796,,,,,,,,
158.2790263,-9.06E-06,,,,,,,,
158.4564227,0.000151075,,,,,,,,
158.5555644,0.000202441,,,,,,,,
158.6473338,0.000142011,,,,,,,,
158.8139959,0.000111796,,,,,,,,
158.9159395,-4.23E-05,,,,,,,,
158.9843441,0.000135968,,,,,,,,
159.2030845,4.53E-05,,,,,,,,
159.2814479,0.000138989,,,,,,,,
159.4883232,6.35E-05,,,,,,,,
159.5599691,0.000166183,,,,,,,,
159.6445246,1.33E-10,,,,,,,,
159.8332116,1.51E-05,,,,,,,,
159.9365035,-3.32E-05,,,,,,,,
160.0235179,1.33E-10,,,,,,,,
160.220136,-6.04E-05,,,,,,,,
160.300799,0.003078913,,,,,,,,
160.5086231,4.53E-05,,,,,,,,
160.5827551,0.000163161,,,,,,,,
160.6664467,0.000132946,,,,,,,,
160.7309104,0.000145032,,,,,,,,
160.9370018,7.25E-05,,,,,,,,
161.0199328,-1.81E-05,,,,,,,,
161.0827258,9.06E-05,,,,,,,,
161.2760345,0.000105753,,,,,,,,
161.3663065,2.72E-05,,,,,,,,
161.4383755,5.14E-05,,,,,,,,
161.6427793,0.000114817,,,,,,,,
161.710121,-5.74E-05,,,,,,,,
161.8009066,6.35E-05,,,,,,,,
162.0078253,0.000129925,,,,,,,,
162.0953982,1.81E-05,,,,,,,,
162.2887203,0.000111796,,,,,,,,
162.3630612,0.000105753,,,,,,,,
162.434864,0.000169204,,,,,,,,
162.5073921,2.12E-05,,,,,,,,
162.7116423,6.35E-05,,,,,,,,
162.8055537,1.81E-05,,,,,,,,
163.0014287,-7.25E-05,,,,,,,,
163.0970993,0.000148054,,,,,,,,
163.1686467,9.97E-05,,,,,,,,
163.3435767,0.000123882,,,,,,,,
163.4485275,0.000202441,,,,,,,,
163.5255019,0.000132946,,,,,,,,
163.7236409,7.86E-05,,,,,,,,
163.8329037,-6.04E-05,,,,,,,,
163.9209225,0.000148054,,,,,,,,
164.1156271,0.000105753,,,,,,,,
164.2033159,0.000102731,,,,,,,,
164.2979087,-3.32E-05,,,,,,,,
164.4880981,-3.02E-06,,,,,,,,
164.5596312,8.76E-05,,,,,,,,
164.6472055,0.000114817,,,,,,,,
164.8590606,6.35E-05,,,,,,,,
164.9313514,0.000166183,,,,,,,,
165.1081977,4.53E-05,,,,,,,,
165.2182033,0.000129925,,,,,,,,
165.3135479,6.35E-05,,,,,,,,
165.5167096,-3.02E-05,,,,,,,,
165.6066942,6.04E-06,,,,,,,,
165.6875356,4.53E-05,,,,,,,,
165.8537857,0.000157118,,,,,,,,
165.9568235,2.42E-05,,,,,,,,
166.0288366,3.63E-05,,,,,,,,
166.2384646,1.33E-10,,,,,,,,
166.310591,0.000102731,,,,,,,,
166.3890662,2.42E-05,,,,,,,,
166.5910974,0.000123882,,,,,,,,
166.6732573,8.76E-05,,,,,,,,
166.7630063,0.000154097,,,,,,,,
166.9717078,0.000163161,,,,,,,,
167.0592878,0.000142011,,,,,,,,
167.2691061,0.00012086,,,,,,,,
167.3581946,0.000132946,,,,,,,,
167.448301,0.000138989,,,,,,,,
167.6258929,0.000117839,,,,,,,,
167.7289939,9.06E-05,,,,,,,,
167.808102,6.95E-05,,,,,,,,
167.9729179,8.16E-05,,,,,,,,
168.0763644,0.000138989,,,,,,,,
168.1481793,2.12E-05,,,,,,,,
168.3084327,0.00022057,,,,,,,,
168.4116176,5.44E-05,,,,,,,,
168.5042716,7.86E-05,,,,,,,,
168.7049182,8.16E-05,,,,,,,,
168.7938426,0.000138989,,,,,,,,
168.8656232,9.37E-05,,,,,,,,
169.0595116,3.32E-05,,,,,,,,
169.1157488,8.46E-05,,,,,,,,
169.2217821,7.25E-05,,,,,,,,
169.3928181,7.86E-05,,,,,,,,
169.464129,0.000205462,,,,,,,,
169.5155884,6.04E-06,,,,,,,,
169.6129424,0.000135968,,,,,,,,
169.8031122,-9.06E-06,,,,,,,,
169.9058183,0.000135968,,,,,,,,
170.0954333,0.000151075,,,,,,,,
170.1823327,0.000105753,,,,,,,,
170.2717075,0.000169204,,,,,,,,
170.4706001,0.000175247,,,,,,,,
170.569137,2.42E-05,,,,,,,,
170.6485851,7.25E-05,,,,,,,,
170.8682723,0.000157118,,,,,,,,
170.9602157,4.83E-05,,,,,,,,
171.1509362,2.12E-05,,,,,,,,
171.2384206,5.44E-05,,,,,,,,
171.330716,-1.81E-05,,,,,,,,
171.5209694,6.65E-05,,,,,,,,
171.5998487,6.65E-05,,,,,,,,
171.6653611,0.000284022,,,,,,,,
171.87571,5.74E-05,,,,,,,,
171.963763,0.000271935,,,,,,,,
172.0412202,8.16E-05,,,,,,,,
172.2227897,0.000126903,,,,,,,,
172.3258045,0.000148054,,,,,,,,
172.4132524,8.76E-05,,,,,,,,
172.5984177,6.35E-05,,,,,,,,
172.6869183,0.000126903,,,,,,,,
172.7684672,8.46E-05,,,,,,,,
172.95894,1.51E-05,,,,,,,,
173.0310965,8.76E-05,,,,,,,,
173.1129449,9.06E-06,,,,,,,,
173.2879546,0.00012086,,,,,,,,
173.391048,0.000178269,,,,,,,,
173.4813198,0.000108774,,,,,,,,
173.6739076,0.000199419,,,,,,,,
173.7616231,9.97E-05,,,,,,,,
173.8556911,-6.95E-05,,,,,,,,
174.030477,0.000178269,,,,,,,,
174.1070743,0.00024172,,,,,,,,
174.1953943,0.000247763,,,,,,,,
174.3969529,0.000154097,,,,,,,,
174.4756089,9.06E-06,,,,,,,,
174.5623966,6.04E-06,,,,,,,,
174.7746264,3.93E-05,,,,,,,,
174.8524888,0.000238699,,,,,,,,
175.0345778,0.000117839,,,,,,,,
175.1204998,9.06E-05,,,,,,,,
175.2019167,0.000169204,,,,,,,,
175.3834472,-6.65E-05,,,,,,,,
175.483347,6.95E-05,,,,,,,,
175.561787,3.32E-05,,,,,,,,
175.7387023,-3.93E-05,,,,,,,,
175.8418058,0.000105753,,,,,,,,
175.9294742,0.000117839,,,,,,,,
176.1025899,0.000102731,,,,,,,,
176.1936605,9.37E-05,,,,,,,,
176.2879519,5.44E-05,,,,,,,,
176.4576169,0.000202441,,,,,,,,
176.545044,0.000138989,,,,,,,,
176.632887,-3.02E-06,,,,,,,,
176.77449,0.000138989,,,,,,,,
176.87891,0.000196398,,,,,,,,
176.9431754,0.000117839,,,,,,,,
177.046936,4.23E-05,,,,,,,,
177.2380233,-9.06E-06,,,,,,,,
177.3268624,0.000117839,,,,,,,,
177.498555,3.02E-06,,,,,,,,
177.6191711,-1.21E-05,,,,,,,,
177.7199933,9.67E-05,,,,,,,,
177.9106973,-1.21E-05,,,,,,,,
177.9890636,0.000175247,,,,,,,,
178.0765812,-2.42E-05,,,,,,,,
178.2557741,0.000148054,,,,,,,,
178.3275738,0.000235677,,,,,,,,
178.4059383,9.97E-05,,,,,,,,
178.5798991,0.000193376,,,,,,,,
178.6672102,-6.04E-06,,,,,,,,
178.7613981,-6.95E-05,,,,,,,,
178.9698141,0.000169204,,,,,,,,
179.0573555,0.000102731,,,,,,,,
179.1520072,0.000105753,,,,,,,,
179.3610734,1.51E-05,,,,,,,,
179.4477578,0.000175247,,,,,,,,
179.6546717,-7.86E-05,,,,,,,,
179.7421779,0.000217548,,,,,,,,
179.8454466,6.04E-05,,,,,,,,
180.0478681,0.000166183,,,,,,,,
180.1408407,9.06E-06,,,,,,,,
180.2106262,9.67E-05,,,,,,,,
180.4328227,0.010971081,,,,,,,,
180.4935692,0.011203737,,,,,,,,
180.5816236,0.011161436,,,,,,,,
180.79012,0.011055683,,,,,,,,
180.8776191,0.01133064,,,,,,,,
181.068994,0.01130949,,,,,,,,
181.1559428,0.01120978,,,,,,,,
181.2397045,0.011215823,,,,,,,,
181.3994891,0.011246038,,,,,,,,
181.5045034,0.011252081,,,,,,,,
181.5760104,0.011022447,,,,,,,,
181.7841701,0.011243017,,,,,,,,
181.8622756,0.011122157,,,,,,,,
181.9353319,0.011173522,,,,,,,,
182.1110983,0.011255103,,,,,,,,
182.2401777,0.011339705,,,,,,,,
182.3120899,0.01114935,,,,,,,,
182.4900281,0.011046619,,,,,,,,
182.6092522,0.011037554,,,,,,,,
182.6823583,0.011107049,,,,,,,,
182.8651929,0.011321576,,,,,,,,
182.953274,0.011382006,,,,,,,,
183.0317302,0.01108892,,,,,,,,
183.2070027,0.011227909,,,,,,,,
183.2985921,0.011052662,,,,,,,,
183.3631293,0.011218845,,,,,,,,
183.5475543,0.011303447,,,,,,,,
183.6200372,0.011043597,,,,,,,,
183.6981039,0.011261146,,,,,,,,
183.8899919,0.011167479,,,,,,,,
183.9928682,0.010934823,,,,,,,,
184.0660886,0.011288339,,,,,,,,
184.2495575,0.011212802,,,,,,,,
184.3542688,0.011221866,,,,,,,,
184.4417823,0.011079856,,,,,,,,
184.6395967,0.011055683,,,,,,,,
184.7309511,0.011239995,,,,,,,,
184.8183229,0.011134243,,,,,,,,
185.024902,0.011342726,,,,,,,,
185.0808841,0.011212802,,,,,,,,
185.184624,0.01114935,,,,,,,,
185.3828831,0.115080025,,,,,,,,
185.4612954,0.011197694,,,,,,,,
185.5170843,0.011185608,,,,,,,,
185.722378,0.011007339,,,,,,,,
185.8007221,0.011113092,,,,,,,,
185.8720375,0.011043597,,,,,,,,
186.0632904,0.011043597,,,,,,,,
186.1509506,0.011227909,,,,,,,,
186.3578998,0.011185608,,,,,,,,
186.4607965,0.011276253,,,,,,,,
186.5247214,0.011152372,,,,,,,,
186.5961278,0.01108892,,,,,,,,
186.7955399,0.011082877,,,,,,,,
186.8679291,0.011252081,,,,,,,,
187.0799311,0.011152372,,,,,,,,
187.1420453,0.011203737,,,,,,,,
187.2374931,0.014300779,,,,,,,,
187.4143793,0.011134243,,,,,,,,
187.5151273,0.011155393,,,,,,,,
187.5795243,0.011146329,,,,,,,,
187.7854887,0.011218845,,,,,,,,
187.8732097,0.011019425,,,,,,,,
187.9614762,0.011200716,,,,,,,,
188.1358491,0.011040576,,,,,,,,
188.2344285,0.011179565,,,,,,,,
188.3173757,0.011082877,,,,,,,,
188.5096299,0.01124906,,,,,,,,
188.5812694,0.011460565,,,,,,,,
188.6829994,0.011004318,,,,,,,,
188.8478004,0.011194673,,,,,,,,
188.9203116,0.011067769,,,,,,,,
189.0081963,0.011094963,,,,,,,,
189.1784261,0.011258124,,,,,,,,
189.265384,0.011339705,,,,,,,,
189.3529628,0.011236974,,,,,,,,
189.527093,0.011167479,,,,,,,,
189.6072131,0.011076834,,,,,,,,
189.6870778,0.011097985,,,,,,,,
189.7599943,0.011061726,,,,,,,,
189.9507952,0.010965038,,,,,,,,
190.0393696,0.01108892,,,,,,,,
190.1177501,0.011258124,,,,,,,,
190.3007151,0.014509263,,,,,,,,
190.3723005,0.060723167,,,,,,,,
190.4606743,0.086490553,,,,,,,,
190.6590263,0.097114162,,,,,,,,
190.7429366,0.113252015,,,,,,,,
190.8169654,0.117328024,,,,,,,,
191.0154858,0.146346549,,,,,,,,
191.1365516,0.137544907,,,,,,,,
191.3033366,0.145234635,,,,,,,,
191.4031248,0.145195355,,,,,,,,
191.4878457,0.137167219,,,,,,,,
191.676639,0.137124918,,,,,,,,
191.7576644,0.137433112,,,,,,,,
191.8392855,0.144557818,,,,,,,,
192.0301209,0.146681935,,,,,,,,
192.1085753,0.150280547,,,,,,,,
192.1953171,0.148120171,,,,,,,,
192.3756298,0.148715408,,,,,,,,
192.481212,0.14486299,,,,,,,,
192.5862504,0.144551775,,,,,,,,
192.7802814,0.164792831,,,,,,,,
192.8588931,0.177471062,,,,,,,,
192.9477431,0.180398899,,,,,,,,
193.1381498,0.169711839,,,,,,,,
193.2266606,0.160704736,,,,,,,,
193.4120923,0.158622919,,,,,,,,
193.5145629,0.158154586,,,,,,,,
193.6090801,0.158562489,,,,,,,,
193.8098255,0.155066609,,,,,,,,
193.8993572,0.155794792,,,,,,,,
193.9715054,0.162783531,,,,,,,,
194.1780935,0.167572614,,,,,,,,
194.2506453,0.168660356,,,,,,,,
194.313619,0.163547971,,,,,,,,
194.51076,0.159722747,,,,,,,,
194.613854,0.161559821,,,,,,,,
194.6915203,0.162632455,,,,,,,,
194.8779554,0.169192141,,,,,,,,
194.9560696,0.154042319,,,,,,,,
195.0585116,0.15388218,,,,,,,,
195.2346472,0.155096824,,,,,,,,
195.3318085,0.166913927,,,,,,,,
195.4178976,0.164212702,,,,,,,,
195.6100846,0.1681467,,,,,,,,
195.6660043,0.161064295,,,,,,,,
195.7531412,0.16428824,,,,,,,,
195.9585231,0.17137971,,,,,,,,
196.0460991,0.179867114,,,,,,,,
196.1333078,0.181613544,,,,,,,,
196.3241716,0.177860836,,,,,,,,
196.4121094,0.178344276,,,,,,,,
196.6027503,0.169240485,,,,,,,,
196.6916935,0.168817474,,,,,,,,
196.7469809,0.17208372,,,,,,,,
196.8503591,0.175954267,,,,,,,,
197.0419759,0.175286514,,,,,,,,
197.1297459,0.172570182,,,,,,,,
197.296755,0.169155883,,,,,,,,
197.3884971,0.168077206,,,,,,,,
197.4650869,0.177217255,,,,,,,,
197.5480897,0.182949049,,,,,,,,
197.7571685,0.1752986,,,,,,,,
197.8398134,0.177776234,,,,,,,,
197.9248347,0.178383556,,,,,,,,
198.117033,0.179241663,,,,,,,,
198.2013209,0.178718943,,,,,,,,
198.3845472,0.182293382,,,,,,,,
198.4786419,0.183399253,,,,,,,,
198.577239,0.180117899,,,,,,,,
198.7627307,0.182483737,,,,,,,,
198.8504159,0.174745665,,,,,,,,
198.9221253,0.164279175,,,,,,,,
199.1717096,0.174198773,,,,,,,,
199.2421671,0.164122057,,,,,,,,
199.4458186,0.175244213,,,,,,,,
199.5420184,0.164466508,,,,,,,,
199.6153426,0.182187629,,,,,,,,
199.7963617,0.173757633,,,,,,,,
199.8838387,0.175147525,,,,,,,,
199.9539685,0.174661063,,,,,,,,
200.160563,0.18648723,,,,,,,,
200.2559976,0.186284789,,,,,,,,
200.3279178,0.184526274,,,,,,,,
200.5192671,0.183586586,,,,,,,,
200.6094547,0.183227027,,,,,,,,
200.6829681,0.193708624,,,,,,,,
200.8586199,0.183526156,,,,,,,,
200.9616786,0.181891522,,,,,,,,
201.0265159,0.172011204,,,,,,,,
201.2150007,0.174404235,,,,,,,,
201.3192886,0.164031412,,,,,,,,
201.4061978,0.181903608,,,,,,,,
201.5972018,0.1664184,,,,,,,,
201.6843561,0.169225377,,,,,,,,
201.7861036,0.174114171,,,,,,,,
201.995067,0.170920441,,,,,,,,
202.0786793,0.181217727,,,,,,,,
202.2464966,0.171141011,,,,,,,,
202.3338821,0.204888189,,,,,,,,
202.421433,0.200355933,,,,,,,,
202.5007315,0.200262267,,,,,,,,
202.6801566,0.205806727,,,,,,,,
202.7856329,0.180015168,,,,,,,,
202.8415431,0.158598747,,,,,,,,
203.0206472,0.180867232,,,,,,,,
203.1079979,0.175087095,,,,,,,,
203.1851962,0.184625983,,,,,,,,
203.4158508,0.205084587,,,,,,,,
203.4871471,0.207486683,,,,,,,,
203.5677453,0.21113666,,,,,,,,
203.7693938,0.200627869,,,,,,,,
203.872187,0.203966631,,,,,,,,
204.0574569,0.196536752,,,,,,,,
204.1638188,0.212997906,,,,,,,,
204.2471095,0.212254616,,,,,,,,
204.4286859,0.21674155,,,,,,,,
204.5002497,0.224688105,,,,,,,,
204.6044768,0.212780358,,,,,,,,
204.7969404,0.194267603,,,,,,,,
204.8684526,0.18208792,,,,,,,,
204.9468712,0.181395995,,,,,,,,
205.1374061,0.195533613,,,,,,,,
205.2303717,0.183683274,,,,,,,,
205.3007977,0.185737897,,,,,,,,
205.4873308,0.180628533,,,,,,,,
205.5706955,0.179489426,,,,,,,,
205.6438038,0.1938597,,,,,,,,
205.8495361,0.190617626,,,,,,,,
205.952463,0.162659649,,,,,,,,
206.1430387,0.147920752,,,,,,,,
206.2456153,0.157855457,,,,,,,,
206.3245157,0.150621977,,,,,,,,
206.5088292,0.179036201,,,,,,,,
206.5960662,0.192037733,,,,,,,,
206.6677518,0.189961959,,,,,,,,
206.8655372,0.187432961,,,,,,,,
206.9691704,0.259967187,,,,,,,,
207.0543879,0.191258185,,,,,,,,
207.23219,0.202733857,,,,,,,,
207.3136802,0.191170561,,,,,,,,
207.4051401,0.252507093,,,,,,,,
207.6005442,0.213164089,,,,,,,,
207.6577979,0.198736407,,,,,,,,
207.7466535,0.208214865,,,,,,,,
207.9442857,0.214248809,,,,,,,,
208.0282592,0.20709993,,,,,,,,
208.1162323,0.20593363,,,,,,,,
208.3092258,0.206997199,,,,,,,,
208.3808322,0.199068773,,,,,,,,
208.459225,0.197361623,,,,,,,,
208.6819055,0.194467022,,,,,,,,
208.7642642,0.222715063,,,,,,,,
208.8527845,0.229504383,,,,,,,,
209.0447881,0.219403495,,,,,,,,
209.1480501,0.213481347,,,,,,,,
209.3406201,0.212441949,,,,,,,,
209.4027359,0.240415034,,,,,,,,
209.4819464,0.227754932,,,,,,,,
209.6718447,0.19930445,,,,,,,,
209.7752489,0.142303776,,,,,,,,
209.8462174,0.187967767,,,,,,,,
210.0420803,0.134311898,,,,,,,,
210.1246349,0.176745901,,,,,,,,
210.2204689,0.124945235,,,,,,,,
210.4138105,0.134629156,,,,,,,,
210.5033083,0.145089603,,,,,,,,
210.5907404,0.127368482,,,,,,,,
210.7978658,0.174751708,,,,,,,,
210.8759737,0.135287844,,,,,,,,
210.9475636,0.171597258,,,,,,,,
211.1533037,0.1423914,,,,,,,,
211.2543056,0.137082617,,,,,,,,
211.4307143,0.175661181,,,,,,,,
211.5358786,0.139859379,,,,,,,,
211.6245085,0.147014301,,,,,,,,
211.8460457,0.125202063,,,,,,,,
211.9179221,0.165563314,,,,,,,,
212.0215675,0.132139436,,,,,,,,
212.2197626,0.151353181,,,,,,,,
212.3082413,0.207698188,,,,,,,,
212.4834222,0.212472165,,,,,,,,
212.5886938,0.202232287,,,,,,,,
212.6614341,0.195545699,,,,,,,,
212.8568964,0.153531685,,,,,,,,
212.9442507,0.125298751,,,,,,,,
213.0333364,0.180036319,,,,,,,,
213.2387416,0.142427658,,,,,,,,
213.3032293,0.134895048,,,,,,,,
213.3905831,0.158770973,,,,,,,,
213.6000937,0.128700965,,,,,,,,
213.6832807,0.165104046,,,,,,,,
213.7541495,0.132532232,,,,,,,,
213.9607178,0.132438565,,,,,,,,
214.0344412,0.143059152,,,,,,,,
214.1221,0.125480042,,,,,,,,
214.2991666,0.148784902,,,,,,,,
214.3719378,0.132801146,,,,,,,,
214.444244,0.134000683,,,,,,,,
214.6511508,0.161877079,,,,,,,,
214.7253605,0.1252353,,,,,,,,
214.8037083,0.158293576,,,,,,,,
215.0087853,0.125440762,,,,,,,,
215.0980943,0.143633238,,,,,,,,
215.1967975,0.135469134,,,,,,,,
215.3903787,0.138859261,,,,,,,,
215.4530825,0.170394699,,,,,,,,
215.5250902,0.126344192,,,,,,,,
215.733253,0.129169298,,,,,,,,
215.8070658,0.137816843,,,,,,,,
215.862418,0.135197199,,,,,,,,
216.070581,0.145875194,,,,,,,,
216.1580044,0.125365224,,,,,,,,
216.232871,0.15368276,,,,,,,,
216.3995171,0.165499863,,,,,,,,
216.4820395,0.13978082,,,,,,,,
216.584381,0.150939235,,,,,,,,
216.769382,0.125208106,,,,,,,,
216.8478372,0.125325945,,,,,,,,
216.9196768,0.137822886,,,,,,,,
217.1269873,0.132680286,,,,,,,,
217.2080961,0.167581679,,,,,,,,
217.2866687,0.128525718,,,,,,,,
217.4610667,0.174162515,,,,,,,,
217.5641455,0.174766816,,,,,,,,
217.6624649,0.175612837,,,,,,,,
217.8670642,0.156015361,,,,,,,,
217.954644,0.132625899,,,,,,,,
218.1408841,0.150640106,,,,,,,,
218.2251669,0.133184877,,,,,,,,
218.3114588,0.176727772,,,,,,,,
218.4883221,0.175727654,,,,,,,,
218.5912538,0.174800052,,,,,,,,
218.6788125,0.175911966,,,,,,,,
218.8698507,0.172210623,,,,,,,,
218.9598045,0.184429585,,,,,,,,
219.0627632,0.180574146,,,,,,,,
219.2879207,0.1870311,,,,,,,,
219.3724764,0.2779542,,,,,,,,
219.5583948,0.218983506,,,,,,,,
219.6427436,0.211517369,,,,,,,,
219.7325809,0.210910047,,,,,,,,
219.9004213,0.219131559,,,,,,,,
220.0032171,0.220213258,,,,,,,,
220.0910219,0.21636084,,,,,,,,
220.2709812,0.139798949,,,,,,,,
220.395702,0.132925028,,,,,,,,
220.49578,0.176612955,,,,,,,,
220.6933663,0.165759712,,,,,,,,
220.7561807,0.125310837,,,,,,,,
220.8452455,0.17738646,,,,,,,,
221.0375436,0.207287264,,,,,,,,
221.126618,0.209302607,,,,,,,,
221.341051,0.216524001,,,,,,,,
221.4194955,0.21925242,,,,,,,,
221.4909317,0.182290361,,,,,,,,
221.6844092,0.175443632,,,,,,,,
221.7744786,0.147790827,,,,,,,,
221.8458408,0.136717015,,,,,,,,
222.0432409,0.134178952,,,,,,,,
222.1299518,0.16947314,,,,,,,,
222.221698,0.134085285,,,,,,,,
222.4282979,0.172533924,,,,,,,,
222.5174648,0.125745934,,,,,,,,
222.6206827,0.150504138,,,,,,,,
222.8261639,0.125434719,,,,,,,,
222.912904,0.182785887,,,,,,,,
223.0684546,0.172428171,,,,,,,,
223.1563685,0.132994522,,,,,,,,
223.236095,0.185206112,,,,,,,,
223.315026,0.125480042,,,,,,,,
223.5108851,0.131520028,,,,,,,,
223.596709,0.13142334,,,,,,,,
223.6844432,0.146678914,,,,,,,,
223.8520169,0.174256181,,,,,,,,
223.9390365,0.125189977,,,,,,,,
224.0242135,0.16089509,,,,,,,,
224.2275953,0.148938999,,,,,,,,
224.3075753,0.123827279,,,,,,,,
224.3859748,0.136426951,,,,,,,,
224.5947716,0.214550959,,,,,,,,
224.6831505,0.21818885,,,,,,,,
224.8717636,0.215442303,,,,,,,,
224.9657695,0.217400238,,,,,,,,
225.0661736,0.139019401,,,,,,,,
225.2518241,0.128042277,,,,,,,,
225.3553131,0.126767202,,,,,,,,
225.4424324,0.135864951,,,,,,,,
225.6314936,0.179045265,,,,,,,,
225.71068,0.133937231,,,,,,,,
225.8016489,0.174017483,,,,,,,,
225.9931843,0.131861458,,,,,,,,
226.0809482,0.130257039,,,,,,,,
226.2685306,0.166019561,,,,,,,,
226.3668067,0.125981611,,,,,,,,
226.46976,0.13529993,,,,,,,,
226.661622,0.138460423,,,,,,,,
226.757682,0.173506848,,,,,,,,
226.8287646,0.135024973,,,,,,,,
227.0365377,0.140333755,,,,,,,,
227.1259893,0.125063074,,,,,,,,
227.2133054,0.151945396,,,,,,,,
227.4041927,0.161351338,,,,,,,,
227.492221,0.127135826,,,,,,,,
227.7027254,0.260417391,,,,,,,,
227.7977868,0.217635915,,,,,,,,
227.8723717,0.215735389,,,,,,,,
228.0659372,0.204465179,,,,,,,,
228.1673353,0.142859733,,,,,,,,
228.243355,0.125564644,,,,,,,,
228.4358525,0.125277601,,,,,,,,
228.5390792,0.147126097,,,,,,,,
228.6107242,0.1255163,,,,,,,,
228.8452432,0.178737072,,,,,,,,
228.9331114,0.125434719,,,,,,,,
229.1262013,0.151247428,,,,,,,,
229.2167109,0.132637985,,,,,,,,
229.2832852,0.156000254,,,,,,,,
229.4599627,0.169905216,,,,,,,,
229.5485979,0.1261206,,,,,,,,
229.6267091,0.192225066,,,,,,,,
229.8137427,0.21505555,,,,,,,,
229.9162012,0.212236487,,,,,,,,
229.9731617,0.207072737,,,,,,,,
230.1788667,0.156970157,,,,,,,,
230.2787238,0.16911056,,,,,,,,
230.3657134,0.125733848,,,,,,,,
230.5519379,0.133345017,,,,,,,,
230.6407443,0.132925028,,,,,,,,
230.7454103,0.174035612,,,,,,,,
230.936138,0.148546203,,,,,,,,
231.0234704,0.13262892,,,,,,,,
231.206598,0.155752491,,,,,,,,
231.3096164,0.125407525,,,,,,,,
231.3814975,0.176377277,,,,,,,,
231.5719271,0.197548956,,,,,,,,
231.6761137,0.21372911,,,,,,,,
231.7443813,0.214297153,,,,,,,,
231.9214081,0.205800684,,,,,,,,
232.0258551,0.21216095,,,,,,,,
232.0978235,0.189699089,,,,,,,,
232.2729008,0.133888887,,,,,,,,
232.3766606,0.158855575,,,,,,,,
232.4711549,0.134478081,,,,,,,,
232.6465093,0.129196492,,,,,,,,
232.7239685,0.126492245,,,,,,,,
232.8119602,0.154562018,,,,,,,,
232.9794042,0.175259321,,,,,,,,
233.0743806,0.134988715,,,,,,,,
233.1622208,0.165907766,,,,,,,,
233.330105,0.167675346,,,,,,,,
233.4201407,0.131943039,,,,,,,,
233.5141253,0.139131197,,,,,,,,
233.6724929,0.134973607,,,,,,,,
233.7608241,0.138771638,,,,,,,,
233.8430072,0.125628095,,,,,,,,
233.8991804,0.133305737,,,,,,,,
234.1066646,0.175896858,,,,,,,,
234.1988275,0.132719565,,,,,,,,
234.2875052,0.163629552,,,,,,,,
234.4839941,0.131607652,,,,,,,,
234.5703581,0.13733038,,,,,,,,
234.7598308,1.51E-05,,,,,,,,
234.8697422,0.000114817,,,,,,,,
234.9415173,0.000117839,,,,,,,,
235.1324552,-9.37E-05,,,,,,,,
235.2377701,0.00018129,,,,,,,,
235.3426684,3.32E-05,,,,,,,,
235.534151,6.35E-05,,,,,,,,
235.6080672,0.00012086,,,,,,,,
235.6958575,-9.67E-05,,,,,,,,
235.903443,7.55E-05,,,,,,,,
235.9756141,1.21E-05,,,,,,,,
236.1724065,6.95E-05,,,,,,,,
236.2609182,0.000151075,,,,,,,,
236.3481934,3.63E-05,,,,,,,,
236.5232839,7.55E-05,,,,,,,,
236.6266223,6.04E-05,,,,,,,,
236.7299247,8.76E-05,,,,,,,,
236.8959103,5.14E-05,,,,,,,,
237.0022135,0.000302151,,,,,,,,
237.0577408,0.000169204,,,,,,,,
237.2533392,5.44E-05,,,,,,,,
237.3501106,-6.04E-06,,,,,,,,
237.4048374,-3.32E-05,,,,,,,,
237.5992573,-0.000126903,,,,,,,,
237.6954944,6.35E-05,,,,,,,,
237.7597369,0.000108774,,,,,,,,
237.9513257,0.000163161,,,,,,,,
238.0413642,6.04E-06,,,,,,,,
238.1143264,3.93E-05,,,,,,,,
238.3115968,-1.21E-05,,,,,,,,
238.400359,2.12E-05,,,,,,,,
238.4909686,-3.93E-05,,,,,,,,
238.6851052,0.000108774,,,,,,,,
238.7697388,-0.000105753,,,,,,,,
238.8489044,6.35E-05,,,,,,,,
239.0206358,0.000129925,,,,,,,,
239.1252762,0.000172226,,,,,,,,
239.2301348,8.16E-05,,,,,,,,
239.4194109,-0.000105753,,,,,,,,
239.5044541,0.00012086,,,,,,,,
239.5872452,6.04E-06,,,,,,,,
239.7768803,8.16E-05,,,,,,,,
239.8638461,0.000169204,,,,,,,,
239.936386,-6.04E-06,,,,,,,,
240.1246057,-9.06E-05,,,,,,,,
240.213144,6.35E-05,,,,,,,,
240.405645,4.23E-05,,,,,,,,
240.510397,0.000102731,,,,,,,,
240.5885596,0.000114817,,,,,,,,
240.7787767,4.83E-05,,,,,,,,
240.8982837,0.000135968,,,,,,,,
240.9548012,0.000235677,,,,,,,,
241.1462372,0.000108774,,,,,,,,
241.2360811,4.23E-05,,,,,,,,
241.3258063,0.000175247,,,,,,,,
241.514236,0.00012086,,,,,,,,
241.6120912,-0.000175247,,,,,,,,
241.6968687,0.00018129,,,,,,,,
241.8900874,0.000132946,,,,,,,,
241.9841627,9.06E-05,,,,,,,,
242.0414345,0.000123882,,,,,,,,
242.2273519,3.02E-06,,,,,,,,
242.3200089,3.02E-05,,,,,,,,
242.379353,8.16E-05,,,,,,,,
242.575291,6.95E-05,,,,,,,,
242.6627586,0.000114817,,,,,,,,
242.7254766,3.32E-05,,,,,,,,
242.9174838,0.000317258,,,,,,,,
243.0046964,0.000126903,,,,,,,,
243.0940497,0.000259849,,,,,,,,
243.2963151,0.000193376,,,,,,,,
243.3836622,-3.63E-05,,,,,,,,
243.4479574,1.21E-05,,,,,,,,
243.6374679,6.65E-05,,,,,,,,
243.7116002,0.000296108,,,,,,,,
243.8009635,0.00012086,,,,,,,,
244.018321,6.04E-05,,,,,,,,
244.0967732,9.67E-05,,,,,,,,
244.3019077,0.003320633,,,,,,,,
244.3922465,3.32E-05,,,,,,,,
244.4798237,0.000193376,,,,,,,,
244.6545167,5.44E-05,,,,,,,,
244.7489775,0.000114817,,,,,,,,
244.8356562,0.000296108,,,,,,,,
245.0028912,0.00018129,,,,,,,,
245.1049879,0.000178269,,,,,,,,
245.1775513,6.04E-05,,,,,,,,
245.3661801,0.000232656,,,,,,,,
245.4536663,0.000253806,,,,,,,,
245.5445938,0.000287043,,,,,,,,
245.7393781,9.97E-05,,,,,,,,
245.8283672,0.000202441,,,,,,,,
245.8908552,0.000202441,,,,,,,,
246.09714,-1.51E-05,,,,,,,,
246.1917041,4.53E-05,,,,,,,,
246.2645736,0.00016014,,,,,,,,
246.4375808,0.000151075,,,,,,,,
246.5461029,7.86E-05,,,,,,,,
246.6052344,0.000117839,,,,,,,,
246.7791152,-1.51E-05,,,,,,,,
246.8969957,0.000250785,,,,,,,,
246.9546361,8.76E-05,,,,,,,,
247.1292278,0.000138989,,,,,,,,
247.2321993,-4.53E-05,,,,,,,,
247.3357213,0.000142011,,,,,,,,
247.5414429,3.02E-05,,,,,,,,
247.6048444,1.21E-05,,,,,,,,
247.688877,5.44E-05,,,,,,,,
247.8691422,3.93E-05,,,,,,,,
247.9557157,0.000277979,,,,,,,,
248.0184936,-4.53E-05,,,,,,,,
248.2164763,0.000166183,,,,,,,,
248.3331071,0.000102731,,,,,,,,
248.4070219,-1.21E-05,,,,,,,,
248.6056995,0.000190355,,,,,,,,
248.7088985,0.000126903,,,,,,,,
248.7975169,0.000102731,,,,,,,,
248.963166,-3.02E-05,,,,,,,,
249.0505998,3.02E-05,,,,,,,,
249.1383969,-0.000250785,,,,,,,,
249.305324,0.000102731,,,,,,,,
249.3936935,0.000223591,,,,,,,,
249.4799852,0.000105753,,,,,,,,
249.6655956,6.65E-05,,,,,,,,
249.7524556,3.02E-06,,,,,,,,
249.8333431,0.000184312,,,,,,,,
250.0097441,9.06E-05,,,,,,,,
250.0981002,-5.44E-05,,,,,,,,
250.1694061,0.00012086,,,,,,,,
250.3588915,0.000190355,,,,,,,,
250.4462219,4.23E-05,,,,,,,,
250.5490719,0.000129925,,,,,,,,
250.7557087,2.12E-05,,,,,,,,
250.84384,9.06E-05,,,,,,,,
250.9002893,0.000105753,,,,,,,,
251.0931819,2.42E-05,,,,,,,,
251.166702,3.93E-05,,,,,,,,
251.2505108,0.000108774,,,,,,,,
251.4409022,0.000205462,,,,,,,,
251.5168004,9.37E-05,,,,,,,,
251.5936134,7.86E-05,,,,,,,,
251.7957364,0.000226613,,,,,,,,
251.8747963,0.000232656,,,,,,,,
251.9471611,9.06E-06,,,,,,,,
252.1542366,5.74E-05,,,,,,,,
252.2302491,0.00012086,,,,,,,,
252.4420938,9.06E-05,,,,,,,,
252.5465505,0.000129925,,,,,,,,
252.6186433,0.000229634,,,,,,,,
252.8004029,3.93E-05,,,,,,,,
252.9192085,0.000114817,,,,,,,,
252.9915059,-8.76E-05,,,,,,,,
253.166589,0.000148054,,,,,,,,
253.2380067,9.06E-05,,,,,,,,
253.3216682,0.000117839,,,,,,,,
253.4978559,0.000202441,,,,,,,,
253.5857561,0.000126903,,,,,,,,
253.6827174,0.000169204,,,,,,,,
253.8470467,-6.04E-06,,,,,,,,
253.9539235,0.000151075,,,,,,,,
254.0366661,6.04E-06,,,,,,,,
254.2370232,0.00024172,,,,,,,,
254.3162477,-3.93E-05,,,,,,,,
254.403094,0.000169204,,,,,,,,
254.5897955,-5.44E-05,,,,,,,,
254.6788909,9.06E-06,,,,,,,,
254.7663565,3.93E-05,,,,,,,,
254.9739739,9.37E-05,,,,,,,,
255.0619862,3.02E-05,,,,,,,,
255.2340195,4.23E-05,,,,,,,,
255.3403662,9.06E-05,,,,,,,,
255.4284201,2.42E-05,,,,,,,,
255.6266504,-3.02E-06,,,,,,,,
255.7135949,3.02E-06,,,,,,,,
255.8080653,4.23E-05,,,,,,,,
255.9842928,-3.02E-06,,,,,,,,
256.0868979,0.000274957,,,,,,,,
256.1744331,6.65E-05,,,,,,,,
256.3652951,9.06E-05,,,,,,,,
256.4530299,0.000111796,,,,,,,,
256.5311347,6.04E-05,,,,,,,,
256.7251098,9.06E-05,,,,,,,,
256.8126316,2.42E-05,,,,,,,,
256.9004745,1.21E-05,,,,,,,,
257.1068758,0.000126903,,,,,,,,
257.2043892,2.72E-05,,,,,,,,
257.3861772,0.000184312,,,,,,,,
257.4733059,7.25E-05,,,,,,,,
257.5590873,0.000163161,,,,,,,,
257.7521967,7.86E-05,,,,,,,,
257.8196197,0.00012086,,,,,,,,
257.8920651,-6.04E-06,,,,,,,,
258.0986918,6.35E-05,,,,,,,,
258.2102177,7.86E-05,,,,,,,,
258.2786252,6.95E-05,,,,,,,,
258.4579531,9.97E-05,,,,,,,,
258.5540296,-6.04E-05,,,,,,,,
258.6400293,-0.000138989,,,,,,,,
258.8312809,4.23E-05,,,,,,,,
258.919696,3.93E-05,,,,,,,,
258.9914163,4.53E-05,,,,,,,,
259.1968993,0.000114817,,,,,,,,
259.2837751,3.02E-06,,,,,,,,
259.3703724,-0.00012086,,,,,,,,
259.5626276,3.02E-05,,,,,,,,
259.6349357,2.42E-05,,,,,,,,
259.7149397,7.55E-05,,,,,,,,
259.920614,0.000157118,,,,,,,,
260.0083117,8.76E-05,,,,,,,,
260.079723,1.33E-10,,,,,,,,
260.2551717,3.63E-05,,,,,,,,
260.373845,0.000184312,,,,,,,,
260.5532455,-1.81E-05,,,,,,,,
260.6395152,9.06E-05,,,,,,,,
260.7347975,0.000132946,,,,,,,,
260.917232,0.000238699,,,,,,,,
261.0203743,-6.04E-06,,,,,,,,
261.1075276,0.000114817,,,,,,,,
261.27841,0.000108774,,,,,,,,
261.3679822,6.65E-05,,,,,,,,
261.4401424,4.23E-05,,,,,,,,
261.6429875,0.00018129,,,,,,,,
261.7071242,0.00012086,,,,,,,,
261.8099172,0.000129925,,,,,,,,
262.0143439,-3.63E-05,,,,,,,,
262.0717698,0.000238699,,,,,,,,
262.1752546,0.000123882,,,,,,,,
262.3713699,0.000111796,,,,,,,,
262.4494378,0.000172226,,,,,,,,
262.5217699,5.14E-05,,,,,,,,
262.7398655,0.00018129,,,,,,,,
262.8115209,0.000196398,,,,,,,,
263.0179958,9.06E-06,,,,,,,,
263.1057475,7.25E-05,,,,,,,,
263.196803,0.000184312,,,,,,,,
263.3598121,0.000262871,,,,,,,,
263.4645796,0.000151075,,,,,,,,
263.5679301,7.55E-05,,,,,,,,
263.7585528,-1.51E-05,,,,,,,,
263.8615079,0.000199419,,,,,,,,
263.933459,7.25E-05,,,,,,,,
264.1560128,8.76E-05,,,,,,,,
264.2363859,0.00012086,,,,,,,,
264.4120505,0.000154097,,,,,,,,
264.5147804,3.63E-05,,,,,,,,
264.5712393,1.51E-05,,,,,,,,
264.6501153,0.000108774,,,,,,,,
264.8511457,4.23E-05,,,,,,,,
264.922762,8.16E-05,,,,,,,,
265.1222191,5.14E-05,,,,,,,,
265.2314614,2.72E-05,,,,,,,,
265.3034202,0.000117839,,,,,,,,
265.4870211,3.93E-05,,,,,,,,
265.5863162,6.04E-05,,,,,,,,
265.6544483,7.25E-05,,,,,,,,
265.8542541,0.000232656,,,,,,,,
265.9597954,0.000142011,,,,,,,,
266.0226272,0.000205462,,,,,,,,
266.2131678,6.95E-05,,,,,,,,
266.3161901,8.16E-05,,,,,,,,
266.5253171,4.23E-05,,,,,,,,
266.6275532,-9.06E-06,,,,,,,,
266.7164946,-3.93E-05,,,,,,,,
266.9204658,4.23E-05,,,,,,,,
267.0073318,0.000190355,,,,,,,,
267.095043,0.000114817,,,,,,,,
267.2650311,0.000117839,,,,,,,,
267.3851946,0.000196398,,,,,,,,
267.4669264,0.000229634,,,,,,,,
267.6381322,8.46E-05,,,,,,,,
267.7096558,0.000132946,,,,,,,,
267.8276291,1.33E-10,,,,,,,,
268.0182173,0.000129925,,,,,,,,
268.1053271,0.000111796,,,,,,,,
268.1839511,9.97E-05,,,,,,,,
268.3623079,2.72E-05,,,,,,,,
268.4432656,0.000117839,,,,,,,,
268.5282388,9.06E-05,,,,,,,,
268.7069778,0.000175247,,,,,,,,
268.7909518,-4.53E-05,,,,,,,,
268.8787103,0.000105753,,,,,,,,
269.0867434,0.000154097,,,,,,,,
269.1585738,0.000247763,,,,,,,,
269.2366803,3.32E-05,,,,,,,,
269.4251081,1.33E-10,,,,,,,,
269.5291489,0.000114817,,,,,,,,
269.7381483,0.000281,,,,,,,,
269.828768,8.46E-05,,,,,,,,
269.9084195,0.000202441,,,,,,,,
270.0681471,0.000126903,,,,,,,,
270.1751232,0.000129925,,,,,,,,
270.2638294,5.74E-05,,,,,,,,
270.4564536,5.44E-05,,,,,,,,
270.5348476,-3.63E-05,,,,,,,,
270.6064341,0.000163161,,,,,,,,
270.800322,6.04E-05,,,,,,,,
270.869451,6.04E-05,,,,,,,,
270.94756,6.95E-05,,,,,,,,
271.0195107,6.35E-05,,,,,,,,
271.2155231,0.000123882,,,,,,,,
271.2959382,0.00022057,,,,,,,,
271.3586698,0.00016014,,,,,,,,
271.5444379,4.83E-05,,,,,,,,
271.6476171,0.000208484,,,,,,,,
271.7307372,8.16E-05,,,,,,,,
271.929888,0.000187333,,,,,,,,
271.9926237,-1.21E-05,,,,,,,,
272.0644718,6.04E-05,,,,,,,,
272.2763669,0.000117839,,,,,,,,
272.3798322,5.74E-05,,,,,,,,
272.4511975,0.000111796,,,,,,,,
272.6492093,0.000214527,,,,,,,,
272.7432226,9.97E-05,,,,,,,,
272.9375372,0.00018129,,,,,,,,
273.0271158,6.35E-05,,,,,,,,
273.1150651,0.000157118,,,,,,,,
273.3230135,0.000293086,,,,,,,,
273.4056804,0.000190355,,,,,,,,
273.5111764,0.000211505,,,,,,,,
273.6770127,9.06E-05,,,,,,,,
273.7692265,1.51E-05,,,,,,,,
273.9595775,0.00018129,,,,,,,,
274.0466862,0.000114817,,,,,,,,
274.1420602,2.42E-05,,,,,,,,
274.3205163,0.00024172,,,,,,,,
274.3935756,0.000178269,,,,,,,,
274.496871,3.63E-05,,,,,,,,
274.6783379,-3.63E-05,,,,,,,,
274.7741497,7.25E-05,,,,,,,,
274.8522584,6.35E-05,,,,,,,,
275.0261504,-7.55E-05,,,,,,,,
275.1137154,-6.65E-05,,,,,,,,
275.2117624,4.23E-05,,,,,,,,
275.397507,6.04E-05,,,,,,,,
275.4845171,-0.00012086,,,,,,,,
275.5408676,9.37E-05,,,,,,,,
275.7703527,0.000111796,,,,,,,,
275.8423695,0.000196398,,,,,,,,
275.9469769,4.53E-05,,,,,,,,
276.1372512,4.53E-05,,,,,,,,
276.231483,6.95E-05,,,,,,,,
276.3126658,9.97E-05,,,,,,,,
276.4871086,5.14E-05,,,,,,,,
276.6060155,-0.000102731,,,,,,,,
276.6708351,0.000163161,,,,,,,,
276.8879969,-2.12E-05,,,,,,,,
276.9914927,8.76E-05,,,,,,,,
277.1574155,0.000229634,,,,,,,,
277.2686654,6.35E-05,,,,,,,,
277.3403745,4.53E-05,,,,,,,,
277.5298507,0.000108774,,,,,,,,
277.617904,-3.02E-05,,,,,,,,
277.6939848,0.000172226,,,,,,,,
277.8862435,0.000169204,,,,,,,,
277.9891743,9.06E-05,,,,,,,,
278.0777143,7.25E-05,,,,,,,,
278.2825687,-6.04E-05,,,,,,,,
278.3699531,0.000268914,,,,,,,,
278.5389835,0.000202441,,,,,,,,
278.619527,6.95E-05,,,,,,,,
278.7144705,0.000184312,,,,,,,,
278.781304,0.000208484,,,,,,,,
279.003465,0.000135968,,,,,,,,
279.0919241,3.32E-05,,,,,,,,
279.2750035,-1.21E-05,,,,,,,,
279.3778637,8.46E-05,,,,,,,,
279.4715565,0.00022057,,,,,,,,
279.6613596,0.000202441,,,,,,,,
279.7332166,3.32E-05,,,,,,,,
279.8053358,0.000126903,,,,,,,,
280.0205988,3.93E-05,,,,,,,,
280.1067194,4.83E-05,,,,,,,,
280.1919143,-2.12E-05,,,,,,,,
280.4059554,0.000138989,,,,,,,,
280.4812923,-6.04E-06,,,,,,,,
280.5455997,0.000314237,,,,,,,,
280.7497189,4.83E-05,,,,,,,,
280.8464674,0.000102731,,,,,,,,
281.0219948,3.93E-05,,,,,,,,
281.1203939,-3.63E-05,,,,,,,,
281.2101238,9.06E-05,,,,,,,,
281.3790618,7.55E-05,,,,,,,,
281.4836438,-2.42E-05,,,,,,,,
281.5681814,6.04E-05,,,,,,,,
281.7269298,5.74E-05,,,,,,,,
281.8294878,0.00012086,,,,,,,,
281.8997953,0.000193376,,,,,,,,
282.0751421,0.000151075,,,,,,,,
282.1791979,3.63E-05,,,,,,,,
282.2765722,8.76E-05,,,,,,,,
282.442388,0.000129925,,,,,,,,
282.5216394,0.000132946,,,,,,,,
282.6108495,2.12E-05,,,,,,,,
282.7695459,0.000129925,,,,,,,,
282.8725792,0.000196398,,,,,,,,
282.9601651,1.81E-05,,,,,,,,
283.1359721,6.95E-05,,,,,,,,
283.2263963,0.000135968,,,,,,,,
283.3117737,2.42E-05,,,,,,,,
283.5025665,0.000102731,,,,,,,,
283.6018585,0.000166183,,,,,,,,
283.670539,9.67E-05,,,,,,,,
283.8649227,0.000148054,,,,,,,,
283.9463101,0.000175247,,,,,,,,
284.0378765,-5.14E-05,,,,,,,,
284.2469351,7.86E-05,,,,,,,,
284.3096464,0.00018129,,,,,,,,
284.3970371,9.06E-05,,,,,,,,
284.6030986,3.63E-05,,,,,,,,
284.6751395,0.000129925,,,,,,,,
284.7664868,0.000117839,,,,,,,,
284.9841057,0.000217548,,,,,,,,
285.0871562,8.76E-05,,,,,,,,
285.2398089,9.67E-05,,,,,,,,
285.3593393,0.00012086,,,,,,,,
285.4314599,5.14E-05,,,,,,,,
285.6063866,1.81E-05,,,,,,,,
285.6899159,0.000214527,,,,,,,,
285.7792869,8.16E-05,,,,,,,,
285.9694012,0.000178269,,,,,,,,
286.0635127,2.72E-05,,,,,,,,
286.134488,0.000111796,,,,,,,,
286.3338939,5.44E-05,,,,,,,,
286.4123059,-6.04E-06,,,,,,,,
286.4963806,0.000190355,,,,,,,,
286.6871446,2.42E-05,,,,,,,,
286.7588804,-1.51E-05,,,,,,,,
286.8533904,-3.63E-05,,,,,,,,
287.0369111,0.00018129,,,,,,,,
287.1247439,6.35E-05,,,,,,,,
287.2124674,-6.65E-05,,,,,,,,
287.4038806,0.000268914,,,,,,,,
287.4916742,3.63E-05,,,,,,,,
287.5823208,8.16E-05,,,,,,,,
287.7769205,0.000226613,,,,,,,,
287.8642525,0.000148054,,,,,,,,
287.9520923,0.000145032,,,,,,,,
288.1619314,0.000132946,,,,,,,,
288.2384215,8.46E-05,,,,,,,,
288.3167444,0.000250785,,,,,,,,
288.5096586,3.02E-06,,,,,,,,
288.5976122,8.76E-05,,,,,,,,
288.7858592,0.000151075,,,,,,,,
288.8728794,-0.000102731,,,,,,,,
288.95125,1.81E-05,,,,,,,,
289.1400757,9.37E-05,,,,,,,,
289.237882,-6.65E-05,,,,,,,,
289.3159341,0.000157118,,,,,,,,
289.5176103,0.000151075,,,,,,,,
289.6055251,0.000126903,,,,,,,,
289.6978124,9.97E-05,,,,,,,,
289.905843,9.06E-05,,,,,,,,
289.9929558,0.000135968,,,,,,,,
290.0611135,5.14E-05,,,,,,,,
290.2543095,0.000178269,,,,,,,,
290.3257115,0.000172226,,,,,,,,
290.4289136,-4.83E-05,,,,,,,,
290.6171522,2.72E-05,,,,,,,,
290.7119783,0.000111796,,,,,,,,
290.8958033,7.55E-05,,,,,,,,
290.9742563,0.000151075,,,,,,,,
291.0625035,8.76E-05,,,,,,,,
291.2687269,-9.06E-06,,,,,,,,
291.3467826,-1.21E-05,,,,,,,,
291.436094,9.67E-05,,,,,,,,
291.6308542,0.000102731,,,,,,,,
291.7260761,0.00012086,,,,,,,,
291.8136907,0.000123882,,,,,,,,
292.0198227,0.000244742,,,,,,,,
292.0925419,0.000117839,,,,,,,,
292.1639065,2.42E-05,,,,,,,,
292.3814061,0.000148054,,,,,,,,
292.4754452,0.000175247,,,,,,,,
292.6414969,-6.35E-05,,,,,,,,
292.7320577,8.46E-05,,,,,,,,
292.8355386,-5.14E-05,,,,,,,,
292.9915771,0.000102731,,,,,,,,
293.0943728,-5.14E-05,,,,,,,,
293.1664911,0.000214527,,,,,,,,
293.2430678,0.000117839,,,,,,,,
293.441792,3.02E-05,,,,,,,,
293.5190164,0.000247763,,,,,,,,
293.6114142,9.06E-05,,,,,,,,
293.8182586,0.000111796,,,,,,,,
293.893892,7.86E-05,,,,,,,,
294.0813589,3.93E-05,,,,,,,,
294.1774611,0.000265892,,,,,,,,
294.2579976,0.000126903,,,,,,,,
294.4347113,-2.72E-05,,,,,,,,
294.5377085,6.65E-05,,,,,,,,
294.6095899,7.86E-05,,,,,,,,
294.8208542,0.000105753,,,,,,,,
294.9164817,-6.04E-05,,,,,,,,
294.9892352,4.83E-05,,,,,,,,
295.2120215,0.000235677,,,,,,,,
295.2761713,0.000138989,,,,,,,,
295.3791851,0.00012086,,,,,,,,
295.5703099,3.02E-06,,,,,,,,
295.6614332,0.000190355,,,,,,,,
295.7398834,0.000284022,,,,,,,,
295.9314064,0.000111796,,,,,,,,
296.0037,-8.46E-05,,,,,,,,
296.0756448,9.97E-05,,,,,,,,
296.2810398,9.06E-05,,,,,,,,
296.3591478,9.67E-05,,,,,,,,
296.4313512,4.53E-05,,,,,,,,
296.6222976,0.000151075,,,,,,,,
296.6945046,-4.53E-05,,,,,,,,
296.7976147,0.000166183,,,,,,,,
296.995712,3.63E-05,,,,,,,,
297.0836932,4.83E-05,,,,,,,,
297.263919,0.000290065,,,,,,,,
297.3643125,0.00016014,,,,,,,,
297.4286661,0.000102731,,,,,,,,
297.6202147,0.000178269,,,,,,,,
297.7133343,8.76E-05,,,,,,,,
297.8023844,0.000114817,,,,,,,,
297.9937627,-4.53E-05,,,,,,,,
298.0813623,9.06E-05,,,,,,,,
298.1858384,4.53E-05,,,,,,,,
298.3832454,3.63E-05,,,,,,,,
298.4703558,0.000123882,,,,,,,,
298.5572128,8.46E-05,,,,,,,,
298.75581,0.000299129,,,,,,,,
298.838602,0.000123882,,,,,,,,
298.9142549,0.000123882,,,,,,,,
299.1087467,-5.14E-05,,,,,,,,
299.2008109,0.000190355,,,,,,,,
299.4008997,9.06E-06,,,,,,,,
299.4729923,5.74E-05,,,,,,,,
299.5633835,0.000111796,,,,,,,,
299.7383304,2.42E-05,,,,,,,,
299.8414577,0.000175247,,,,,,,,
299.9139261,-4.53E-05,,,,,,,,
300.120699,1.21E-05,,,,,,,,
300.2014608,0.000111796,,,,,,,,
300.2979972,0.00024172,,,,,,,,
300.4762816,0.000196398,,,,,,,,
300.5556574,0.000132946,,,,,,,,
300.6607561,-1.81E-05,,,,,,,,
300.8571207,5.44E-05,,,,,,,,
300.9446304,0.000138989,,,,,,,,
301.0387157,0.000169204,,,,,,,,
301.2398831,6.65E-05,,,,,,,,
301.3136178,0.000132946,,,,,,,,
301.4908957,8.46E-05,,,,,,,,
301.6100065,0.000108774,,,,,,,,
301.6817857,2.72E-05,,,,,,,,
301.8809061,-9.97E-05,,,,,,,,
301.9634324,-8.76E-05,,,,,,,,
302.0529747,-1.21E-05,,,,,,,,
302.2476063,0.00012086,,,,,,,,
302.3414456,0.000199419,,,,,,,,
302.4265794,9.37E-05,,,,,,,,
302.612204,8.16E-05,,,,,,,,
302.702998,0.000274957,,,,,,,,
302.7758076,2.42E-05,,,,,,,,
302.9542292,9.06E-05,,,,,,,,
303.0432701,8.76E-05,,,,,,,,
303.1154797,1.81E-05,,,,,,,,
303.3108343,0.000281,,,,,,,,
303.3892947,6.35E-05,,,,,,,,
303.461318,0.000132946,,,,,,,,
303.6525337,0.000199419,,,,,,,,
303.754185,8.46E-05,,,,,,,,
303.8375834,5.44E-05,,,,,,,,
304.0328781,0.000132946,,,,,,,,
304.1327712,0.000178269,,,,,,,,
304.3216275,0.000114817,,,,,,,,
304.4243694,0.000105753,,,,,,,,
304.4936695,0.000102731,,,,,,,,
304.6841373,-3.32E-05,,,,,,,,
304.7660743,0.00018129,,,,,,,,
304.8597559,-4.53E-05,,,,,,,,
305.0448249,-0.000132946,,,,,,,,
305.1491024,9.06E-06,,,,,,,,
305.2376404,3.02E-05,,,,,,,,
305.4363327,0.000211505,,,,,,,,
305.4923331,0.000172226,,,,,,,,
305.5957569,6.04E-05,,,,,,,,
305.7615405,4.83E-05,,,,,,,,
305.8608547,5.44E-05,,,,,,,,
305.9372385,-4.23E-05,,,,,,,,
306.0983493,9.06E-06,,,,,,,,
306.1827758,9.06E-06,,,,,,,,
306.2527758,0.000157118,,,,,,,,
306.4277082,0.000142011,,,,,,,,
306.5283953,9.06E-05,,,,,,,,
306.61812,1.33E-10,,,,,,,,
306.8220017,1.21E-05,,,,,,,,
306.9040864,3.02E-06,,,,,,,,
306.9665724,0.000105753,,,,,,,,
307.1482576,0.000178269,,,,,,,,
307.2403224,8.46E-05,,,,,,,,
307.3268195,0.00024172,,,,,,,,
307.5085428,0.000281,,,,,,,,
307.5964279,4.53E-05,,,,,,,,
307.6672692,0.000123882,,,,,,,,
307.7572664,2.72E-05,,,,,,,,
307.9473526,6.04E-06,,,,,,,,
308.0257767,0.000108774,,,,,,,,
308.0975964,0.000178269,,,,,,,,
308.2924924,0.000196398,,,,,,,,
308.3958254,-5.44E-05,,,,,,,,
308.5702525,0.000142011,,,,,,,,
308.6759368,0.000142011,,,,,,,,
308.7561952,-4.53E-05,,,,,,,,
308.948948,6.95E-05,,,,,,,,
309.0366113,4.23E-05,,,,,,,,
309.1100321,3.32E-05,,,,,,,,
309.3057152,2.72E-05,,,,,,,,
309.4055285,0.000175247,,,,,,,,
309.4942051,9.97E-05,,,,,,,,
309.685023,7.25E-05,,,,,,,,
309.7596385,0.000117839,,,,,,,,
309.8629801,3.63E-05,,,,,,,,
310.0559684,2.42E-05,,,,,,,,
310.1283933,-6.04E-06,,,,,,,,
310.2098258,9.97E-05,,,,,,,,
310.4146021,1.21E-05,,,,,,,,
310.486845,9.67E-05,,,,,,,,
310.5815899,7.55E-05,,,,,,,,
310.7728111,6.04E-05,,,,,,,,
310.8602381,3.93E-05,,,,,,,,
311.0522466,-5.44E-05,,,,,,,,
311.1457377,5.14E-05,,,,,,,,
311.2110745,0.000151075,,,,,,,,
311.4009476,0.000154097,,,,,,,,
311.4888263,6.35E-05,,,,,,,,
311.5605695,0.000211505,,,,,,,,
311.7589437,-2.12E-05,,,,,,,,
311.8541905,0.000138989,,,,,,,,
311.9255759,-0.000151075,,,,,,,,
312.1032288,0.000117839,,,,,,,,
312.1843743,-2.42E-05,,,,,,,,
312.2893324,0.000111796,,,,,,,,
312.4675912,0.000193376,,,,,,,,
312.5587937,5.14E-05,,,,,,,,
312.6312931,2.12E-05,,,,,,,,
312.8212625,0.000108774,,,,,,,,
312.9262411,0.000229634,,,,,,,,
313.0133322,7.55E-05,,,,,,,,
313.2337285,-5.44E-05,,,,,,,,
313.3218749,4.53E-05,,,,,,,,
313.4095581,7.55E-05,,,,,,,,
313.599159,6.04E-06,,,,,,,,
313.6966518,-1.51E-05,,,,,,,,
313.8788503,0.000138989,,,,,,,,
313.9659228,-0.000132946,,,,,,,,
314.0398793,4.53E-05,,,,,,,,
314.2248702,2.12E-05,,,,,,,,
314.312247,0.000217548,,,,,,,,
314.3909113,0.000187333,,,,,,,,
314.4636219,8.46E-05,,,,,,,,
314.6806953,8.16E-05,,,,,,,,
314.7530468,5.44E-05,,,,,,,,
314.9345516,-1.21E-05,,,,,,,,
315.0215837,5.14E-05,,,,,,,,
315.0935533,9.06E-06,,,,,,,,
315.2843039,-1.81E-05,,,,,,,,
315.3857267,3.63E-05,,,,,,,,
315.4860968,0.000142011,,,,,,,,
315.660943,1.81E-05,,,,,,,,
315.7523552,8.46E-05,,,,,,,,
315.8262175,-1.81E-05,,,,,,,,
316.0167076,0.000148054,,,,,,,,
316.1353816,0.000290065,,,,,,,,
316.2084207,0.000172226,,,,,,,,
316.4033351,-3.93E-05,,,,,,,,
316.4907193,0.000199419,,,,,,,,
316.5775937,0.000256828,,,,,,,,
316.7540164,0.000172226,,,,,,,,
316.8533377,9.37E-05,,,,,,,,
316.9329426,0.000108774,,,,,,,,
317.1395946,1.81E-05,,,,,,,,
317.2116564,5.44E-05,,,,,,,,
317.4032194,9.67E-05,,,,,,,,
317.5057492,3.32E-05,,,,,,,,
317.5937315,1.51E-05,,,,,,,,
317.6561976,0.000111796,,,,,,,,
317.8396809,4.83E-05,,,,,,,,
317.9289173,-4.53E-05,,,,,,,,
318.0012126,0.000108774,,,,,,,,
318.203042,-0.000169204,,,,,,,,
318.2831199,7.55E-05,,,,,,,,
318.3540121,3.02E-06,,,,,,,,
318.5493399,-9.97E-05,,,,,,,,
318.6284243,0.000151075,,,,,,,,
318.6849654,-1.81E-05,,,,,,,,
318.8910641,0.000157118,,,,,,,,
318.9944109,3.02E-05,,,,,,,,
319.0572769,-9.06E-05,,,,,,,,
319.2651323,-5.44E-05,,,,,,,,
319.3681067,0.000126903,,,,,,,,
319.5401191,0.000193376,,,,,,,,
319.621172,8.16E-05,,,,,,,,
319.708791,8.16E-05,,,,,,,,
319.8809544,0.000142011,,,,,,,,
319.9873375,0.000126903,,,,,,,,
320.0594477,0.000163161,,,,,,,,
320.2726072,-3.63E-05,,,,,,,,
320.3446638,0.000190355,,,,,,,,
320.4231062,-2.12E-05,,,,,,,,
320.6290139,1.51E-05,,,,,,,,
320.7189893,0.000132946,,,,,,,,
320.8082891,4.53E-05,,,,,,,,
321.0154877,6.65E-05,,,,,,,,
321.1044948,0.000105753,,,,,,,,
321.177518,3.32E-05,,,,,,,,
321.3988906,3.93E-05,,,,,,,,
321.479662,0.000175247,,,,,,,,
321.6484673,-3.02E-06,,,,,,,,
321.7517432,8.76E-05,,,,,,,,
321.8459942,0.000232656,,,,,,,,
322.0209377,0.000108774,,,,,,,,
322.123933,0.000129925,,,,,,,,
322.2025787,-1.21E-05,,,,,,,,
322.3976628,0.000229634,,,,,,,,
322.4843024,0.000132946,,,,,,,,
322.5625969,0.000114817,,,,,,,,
322.7248363,0.000142011,,,,,,,,
322.8067208,0.000148054,,,,,,,,
322.8851258,7.25E-05,,,,,,,,
322.9575224,0.000229634,,,,,,,,
323.1641004,3.32E-05,,,,,,,,
323.2469901,0.000129925,,,,,,,,
323.4238053,-7.55E-05,,,,,,,,
323.5191758,5.74E-05,,,,,,,,
323.6167494,0.000172226,,,,,,,,
323.7982586,1.51E-05,,,,,,,,
323.8951019,2.12E-05,,,,,,,,
323.9947683,7.55E-05,,,,,,,,
324.1763701,0.000117839,,,,,,,,
324.2645768,0.000229634,,,,,,,,
324.3558977,6.35E-05,,,,,,,,
324.5484284,0.000108774,,,,,,,,
324.6202871,9.97E-05,,,,,,,,
324.7254362,0.000135968,,,,,,,,
324.9240278,0.000169204,,,,,,,,
325.031083,7.86E-05,,,,,,,,
325.1963351,6.65E-05,,,,,,,,
325.3006885,0.000317258,,,,,,,,
325.3883592,4.23E-05,,,,,,,,
325.5633102,7.25E-05,,,,,,,,
325.6391167,9.06E-05,,,,,,,,
325.7197941,6.04E-05,,,,,,,,
325.9104223,0.00022057,,,,,,,,
325.9985411,-7.55E-05,,,,,,,,
326.0763671,-4.53E-05,,,,,,,,
326.260555,0.000184312,,,,,,,,
326.3516592,-9.06E-06,,,,,,,,
326.4409918,0.000250785,,,,,,,,
326.6218208,1.51E-05,,,,,,,,
326.7242869,0.000229634,,,,,,,,
326.8115174,0.000253806,,,,,,,,
327.0191085,-1.21E-05,,,,,,,,
327.1074824,1.81E-05,,,,,,,,
327.2094931,0.000108774,,,,,,,,
327.4005201,-3.02E-06,,,,,,,,
327.4879813,0.00022057,,,,,,,,
327.6631773,8.46E-05,,,,,,,,
327.7529536,-1.81E-05,,,,,,,,
327.8240714,0.000114817,,,,,,,,
328.0166896,3.93E-05,,,,,,,,
328.1273686,-1.81E-05,,,,,,,,
328.2047519,8.46E-05,,,,,,,,
328.3810541,6.04E-05,,,,,,,,
328.4837994,0.000142011,,,,,,,,
328.5556201,4.83E-05,,,,,,,,
328.7466752,0.000232656,,,,,,,,
328.8496765,0.000148054,,,,,,,,
328.9212655,0.000281,,,,,,,,
329.1137775,0.000135968,,,,,,,,
329.202848,0.000299129,,,,,,,,
329.2922132,-3.63E-05,,,,,,,,
329.4833209,-6.04E-06,,,,,,,,
329.5631395,0.000151075,,,,,,,,
329.6258519,0.000223591,,,,,,,,
329.8196381,-3.93E-05,,,,,,,,
329.9227855,0.000172226,,,,,,,,
330.0066064,0.000142011,,,,,,,,
330.2054275,0.000187333,,,,,,,,
330.3019738,0.000163161,,,,,,,,
330.3803774,0.000123882,,,,,,,,
330.5768047,-1.21E-05,,,,,,,,
330.6666375,3.93E-05,,,,,,,,
330.8528766,4.23E-05,,,,,,,,
330.9201201,9.97E-05,,,,,,,,
330.9933616,4.53E-05,,,,,,,,
331.0666984,-1.21E-05,,,,,,,,
331.2845972,0.000169204,,,,,,,,
331.373872,0.000163161,,,,,,,,
331.5504133,-2.42E-05,,,,,,,,
331.6191932,0.000135968,,,,,,,,
331.708324,0.000238699,,,,,,,,
331.7861217,0.000175247,,,,,,,,
331.9734245,4.23E-05,,,,,,,,
332.0458551,-5.74E-05,,,,,,,,
332.1239595,0.000114817,,,,,,,,
332.3404352,6.35E-05,,,,,,,,
332.4275307,1.21E-05,,,,,,,,
332.5869343,0.000105753,,,,,,,,
332.702424,0.000157118,,,,,,,,
332.7821451,-3.32E-05,,,,,,,,
332.9652413,0.000290065,,,,,,,,
333.0696084,8.16E-05,,,,,,,,
333.1727086,0.000126903,,,,,,,,
333.3724426,-1.21E-05,,,,,,,,
333.4605262,-6.04E-06,,,,,,,,
333.5626539,0.000169204,,,,,,,,
333.7521474,0.000163161,,,,,,,,
333.8126849,4.23E-05,,,,,,,,
333.900811,3.93E-05,,,,,,,,
334.1046916,-9.67E-05,,,,,,,,
334.1947489,9.67E-05,,,,,,,,
334.3882515,9.06E-05,,,,,,,,
334.4692259,5.14E-05,,,,,,,,
334.5551179,4.53E-05,,,,,,,,
334.7393674,0.000187333,,,,,,,,
334.8426061,-4.53E-05,,,,,,,,
334.9373674,-0.000114817,,,,,,,,
335.1121246,-0.000102731,,,,,,,,
335.1997149,9.06E-05,,,,,,,,
335.2870086,0.000129925,,,,,,,,
335.4780692,0.000169204,,,,,,,,
335.5656814,0.000271935,,,,,,,,
335.6440831,0.000108774,,,,,,,,
335.8403931,5.74E-05,,,,,,,,
335.9383783,3.02E-05,,,,,,,,
336.0273916,6.95E-05,,,,,,,,
336.2217957,0.000132946,,,,,,,,
336.2998705,-3.32E-05,,,,,,,,
336.3825995,3.93E-05,,,,,,,,
336.5751129,-4.83E-05,,,,,,,,
336.6472116,0.000108774,,,,,,,,
336.7426107,0.000193376,,,,,,,,
336.9177608,0.000169204,,,,,,,,
337.0050553,0.000284022,,,,,,,,
337.0929589,0.000102731,,,,,,,,
337.2882799,3.02E-05,,,,,,,,
337.3844997,0.000193376,,,,,,,,
337.5785111,0.000175247,,,,,,,,
337.6775628,4.23E-05,,,,,,,,
337.7614402,8.76E-05,,,,,,,,
337.911881,-1.51E-05,,,,,,,,
338.0170853,5.74E-05,,,,,,,,
338.0891627,-6.95E-05,,,,,,,,
338.2845547,-3.32E-05,,,,,,,,
338.3789244,0.00016014,,,,,,,,
338.450701,0.000175247,,,,,,,,
338.6540586,3.02E-05,,,,,,,,
338.7288606,-3.02E-06,,,,,,,,
338.8086117,0.000259849,,,,,,,,
338.9985294,3.02E-05,,,,,,,,
339.0988431,0.000187333,,,,,,,,
339.1861247,0.000163161,,,,,,,,
339.377153,3.32E-05,,,,,,,,
339.4487301,-9.67E-05,,,,,,,,
339.5269356,1.33E-10,,,,,,,,
339.7228083,-8.76E-05,,,,,,,,
339.78722,0.000148054,,,,,,,,
339.8905494,5.44E-05,,,,,,,,
340.0779757,0.000157118,,,,,,,,
340.1597633,2.12E-05,,,,,,,,
340.2337079,8.76E-05,,,,,,,,
340.4181853,0.000157118,,,,,,,,
340.5137376,-3.02E-06,,,,,,,,
340.590529,-3.02E-05,,,,,,,,
340.7751702,3.32E-05,,,,,,,,
340.8625533,5.74E-05,,,,,,,,
340.9344376,-8.76E-05,,,,,,,,
341.1004012,9.06E-05,,,,,,,,
341.1883099,0.00022057,,,,,,,,
341.2770089,-2.12E-05,,,,,,,,
341.4550985,0.000123882,,,,,,,,
341.5435779,9.97E-05,,,,,,,,
341.630648,-1.81E-05,,,,,,,,
341.8064152,0.000208484,,,,,,,,
341.8955259,7.55E-05,,,,,,,,
341.9852061,0.000226613,,,,,,,,
342.1456822,0.000184312,,,,,,,,
342.2427766,0.000163161,,,,,,,,
342.3232462,-6.65E-05,,,,,,,,
342.4905447,0.000114817,,,,,,,,
342.5778724,0.000302151,,,,,,,,
342.6665229,0.000108774,,,,,,,,
342.8441552,0.000117839,,,,,,,,
342.9238796,9.37E-05,,,,,,,,
343.0114012,0.000238699,,,,,,,,
343.1974335,-3.02E-06,,,,,,,,
343.2939279,-4.23E-05,,,,,,,,
343.3654917,0.000117839,,,,,,,,
343.4283205,-6.65E-05,,,,,,,,
343.6171131,0.000250785,,,,,,,,
343.7138281,6.04E-05,,,,,,,,
343.7835824,0.000138989,,,,,,,,
343.984887,8.46E-05,,,,,,,,
344.0580601,-5.14E-05,,,,,,,,
344.1174041,-3.93E-05,,,,,,,,
344.3026136,0.000214527,,,,,,,,
344.3863682,0.000132946,,,,,,,,
344.4740446,1.21E-05,,,,,,,,
344.6497767,4.23E-05,,,,,,,,
344.7282229,-3.02E-05,,,,,,,,
344.800257,-3.32E-05,,,,,,,,
344.9924734,4.53E-05,,,,,,,,
345.0956114,0.000138989,,,,,,,,
345.1671206,7.55E-05,,,,,,,,
345.3733372,9.37E-05,,,,,,,,
345.4523094,-2.12E-05,,,,,,,,
345.5367159,1.81E-05,,,,,,,,
345.7344884,0.000129925,,,,,,,,
345.8383043,9.37E-05,,,,,,,,
345.9097435,0.000108774,,,,,,,,
346.1074112,0.000178269,,,,,,,,
346.180078,2.12E-05,,,,,,,,
346.2707973,0.000123882,,,,,,,,
346.4742083,0.000126903,,,,,,,,
346.5642103,0.000217548,,,,,,,,
346.7306239,-3.02E-05,,,,,,,,
346.8444838,-5.14E-05,,,,,,,,
346.917754,0.000154097,,,,,,,,
347.1255879,-4.83E-05,,,,,,,,
347.2142706,3.02E-05,,,,,,,,
347.2942002,1.33E-10,,,,,,,,
347.4915739,-3.93E-05,,,,,,,,
347.5788592,1.33E-10,,,,,,,,
347.6737666,8.46E-05,,,,,,,,
347.8812417,0.000202441,,,,,,,,
347.9533107,0.000132946,,,,,,,,
348.0410212,4.53E-05,,,,,,,,
348.2359448,0.00022057,,,,,,,,
348.3321059,6.95E-05,,,,,,,,
348.488644,0.000154097,,,,,,,,
348.5939937,0.000244742,,,,,,,,
348.6658647,7.25E-05,,,,,,,,
348.8474393,3.63E-05,,,,,,,,
348.9358624,-0.000102731,,,,,,,,
349.0234192,0.000145032,,,,,,,,
349.2240613,1.51E-05,,,,,,,,
349.2964223,6.35E-05,,,,,,,,
349.390779,6.04E-06,,,,,,,,
349.5931414,7.86E-05,,,,,,,,
349.6965949,3.32E-05,,,,,,,,
349.7651145,-1.81E-05,,,,,,,,
349.9558504,-6.65E-05,,,,,,,,
350.0529576,1.21E-05,,,,,,,,
350.1375073,0.000190355,,,,,,,,
350.3250634,2.72E-05,,,,,,,,
350.412047,0.000163161,,,,,,,,
350.5149131,0.000105753,,,,,,,,
350.7223464,0.000105753,,,,,,,,
350.8260344,3.32E-05,,,,,,,,
351.003773,-2.72E-05,,,,,,,,
351.1085466,0.000105753,,,,,,,,
351.1959822,0.000102731,,,,,,,,
351.3805572,9.06E-06,,,,,,,,
351.4701747,0.000105753,,,,,,,,
351.5417918,0.000138989,,,,,,,,
351.7294302,0.000154097,,,,,,,,
351.8172755,6.04E-05,,,,,,,,
351.9057886,0.000145032,,,,,,,,
352.0966052,-2.12E-05,,,,,,,,
352.2134687,4.23E-05,,,,,,,,
352.4193203,0.00012086,,,,,,,,
352.4910791,3.02E-05,,,,,,,,
352.5694769,6.95E-05,,,,,,,,
352.7660644,-0.000148054,,,,,,,,
352.8538357,3.93E-05,,,,,,,,
352.9423363,1.33E-10,,,,,,,,
353.116446,7.25E-05,,,,,,,,
353.2296533,0.000114817,,,,,,,,
353.3241184,8.16E-05,,,,,,,,
353.5135702,0.00022057,,,,,,,,
353.5853113,6.35E-05,,,,,,,,
353.6871004,3.02E-05,,,,,,,,
353.8968887,0.000202441,,,,,,,,
353.969047,0.000277979,,,,,,,,
354.0633595,0.000293086,,,,,,,,
354.2514515,0.000229634,,,,,,,,
354.33939,0.000154097,,,,,,,,
354.5310734,2.12E-05,,,,,,,,
354.634312,3.63E-05,,,,,,,,
354.7062238,-9.37E-05,,,,,,,,
354.8723317,-5.74E-05,,,,,,,,
354.9592892,-4.83E-05,,,,,,,,
355.0468917,0.000145032,,,,,,,,
355.2245528,0.000108774,,,,,,,,
355.2873664,-6.35E-05,,,,,,,,
355.3756913,8.16E-05,,,,,,,,
355.4630284,0.000135968,,,,,,,,
355.6697692,9.37E-05,,,,,,,,
355.7433926,0.000223591,,,,,,,,
355.9330192,5.74E-05,,,,,,,,
356.0359233,3.32E-05,,,,,,,,
356.123371,0.000157118,,,,,,,,
356.308651,0.000262871,,,,,,,,
356.4114619,0.000108774,,,,,,,,
356.4954613,9.06E-05,,,,,,,,
356.6766573,0.000169204,,,,,,,,
356.7644838,-1.51E-05,,,,,,,,
356.821038,-1.81E-05,,,,,,,,
357.011829,9.67E-05,,,,,,,,
357.1151361,-4.83E-05,,,,,,,,
357.1863939,0.000108774,,,,,,,,
357.3636098,0.000126903,,,,,,,,
357.4518764,0.000117839,,,,,,,,
357.5391872,6.35E-05,,,,,,,,
357.716964,0.000193376,,,,,,,,
357.8128703,-5.44E-05,,,,,,,,
357.885077,-9.06E-06,,,,,,,,
358.0601718,3.02E-05,,,,,,,,
358.1541327,0.000157118,,,,,,,,
358.2335054,0.000229634,,,,,,,,
358.4012614,0.00018129,,,,,,,,
358.5045239,-6.95E-05,,,,,,,,
358.5840696,0.000114817,,,,,,,,
358.7457356,-1.21E-05,,,,,,,,
358.8426914,-6.35E-05,,,,,,,,
358.9306097,8.16E-05,,,,,,,,
359.1267857,-3.93E-05,,,,,,,,
359.2103929,0.00018129,,,,,,,,
359.2754201,5.14E-05,,,,,,,,
359.4564967,0.000142011,,,,,,,,
359.5750961,2.72E-05,,,,,,,,
359.6462323,0.000123882,,,,,,,,
359.8666184,0.00012086,,,,,,,,
359.9238348,-1.51E-05,,,,,,,,
360.0228304,0.000196398,,,,,,,,
360.2002299,8.16E-05,,,,,,,,
360.2645887,0.00012086,,,,,,,,
360.3525687,0.000111796,,,,,,,,
360.5431904,2.42E-05,,,,,,,,
360.6459596,0.000214527,,,,,,,,
360.7086653,0.000117839,,,,,,,,
360.885184,0.000190355,,,,,,,,
361.0033365,-1.81E-05,,,,,,,,
361.075256,0.000138989,,,,,,,,
361.2717331,-9.06E-06,,,,,,,,
361.343305,0.000262871,,,,,,,,
361.4379033,1.21E-05,,,,,,,,
361.6258268,0.000187333,,,,,,,,
361.7244352,0.000148054,,,,,,,,
361.7971969,4.83E-05,,,,,,,,
361.9787865,9.06E-06,,,,,,,,
362.0512752,4.53E-05,,,,,,,,
362.1384793,5.14E-05,,,,,,,,
362.3322617,8.76E-05,,,,,,,,
362.419995,0.000157118,,,,,,,,
362.4876082,0.00022057,,,,,,,,
362.6579266,0.000111796,,,,,,,,
362.7630403,3.32E-05,,,,,,,,
362.8349973,3.93E-05,,,,,,,,
363.0166091,-3.02E-06,,,,,,,,
363.1034131,5.74E-05,,,,,,,,
363.1834,-7.25E-05,,,,,,,,
363.3753964,5.74E-05,,,,,,,,
363.4985299,0.000129925,,,,,,,,
363.5693975,-9.06E-06,,,,,,,,
363.7567022,0.000178269,,,,,,,,
363.8440868,-7.25E-05,,,,,,,,
363.9331421,0.000299129,,,,,,,,
364.1287607,0.000108774,,,,,,,,
364.2296839,-1.51E-05,,,,,,,,
364.42265,3.32E-05,,,,,,,,
364.5167004,0.000102731,,,,,,,,
364.5860356,0.000154097,,,,,,,,
364.7625366,-0.000199419,,,,,,,,
364.8813041,0.000126903,,,,,,,,
364.9532082,0.000151075,,,,,,,,
365.1345205,9.37E-05,,,,,,,,
365.2338344,0.000142011,,,,,,,,
365.3213835,-9.06E-06,,,,,,,,
365.4796874,-2.12E-05,,,,,,,,
365.5818057,1.21E-05,,,,,,,,
365.6553701,-6.04E-06,,,,,,,,
365.8494908,0.000166183,,,,,,,,
365.9641879,9.37E-05,,,,,,,,
366.0373038,0.000277979,,,,,,,,
